{
  "variants": {
    "default": "model:0"
  },
  "modelConfigs": [
    {
      "baseScale": 1.0,
      "rotationY": 0,
      "rotationX": 0,
      "rotationZ": 0,
      "offsetX": 0,
      "offsetY": 0,
      "modelPartsFields": [
        "com.kleiders.mangrove.entity.renderer.HotFrogRenderer$Modelfrog;left_eye",
        "com.kleiders.mangrove.entity.renderer.HotFrogRenderer$Modelfrog;right_eye"
      ],
      "modelMainPartFieldAliases": [
        "com.kleiders.mangrove.entity.renderer.HotFrogRenderer$Modelfrog;head"
      ],
      "renderingFullModel": false,
      "modelPartsRotationReset": true,
      "layersAllowed": true
    }
  ]
}
