{
    "variants" : {
        "untamedwilds:textures/entity/hyena/aardwolf.png" : "sprite:untamedwilds/hyena/aardwolf.png",
		"untamedwilds:textures/entity/hyena/brown.png" : "sprite:untamedwilds/hyena/brown.png",
        "untamedwilds:textures/entity/hyena/shortface.png" : "sprite:untamedwilds/hyena/shortface.png",
		"untamedwilds:textures/entity/hyena/spotted_1.png" : "sprite:untamedwilds/hyena/spotted_1.png",
        "untamedwilds:textures/entity/hyena/spotted_2.png" : "sprite:untamedwilds/hyena/spotted_2.png",
		"untamedwilds:textures/entity/hyena/spotted_3.png" : "sprite:untamedwilds/hyena/spotted_3.png",
        "untamedwilds:textures/entity/hyena/striped.png" : "sprite:untamedwilds/hyena/striped.png",
        "default" : "sprite:untamedwilds/hyena/aardwolf_.png"
    }
}