{
	"variants" : {
		"untamedwilds:textures/entity/softshell_turtle/black.png" : "sprite:untamedwilds/softshell_turtle/black.png",
		"untamedwilds:textures/entity/softshell_turtle/chinese_1.png" : "sprite:untamedwilds/softshell_turtle/chinese_1.png",
		"untamedwilds:textures/entity/softshell_turtle/chinese_2.png" : "sprite:untamedwilds/softshell_turtle/chinese_2.png",
		"untamedwilds:textures/entity/softshell_turtle/flapshell.png" : "sprite:untamedwilds/softshell_turtle/flapshell.png",
		"untamedwilds:textures/entity/softshell_turtle/nile.png" : "sprite:untamedwilds/softshell_turtle/nile.png",
		"untamedwilds:textures/entity/softshell_turtle/peacock.png" : "sprite:untamedwilds/softshell_turtle/peacock.png",
        "untamedwilds:textures/entity/softshell_turtle/pig_nose.png" : "sprite:untamedwilds/softshell_turtle/pig_nose.png",
        "untamedwilds:textures/entity/softshell_turtle/shiny.png" : "sprite:untamedwilds/softshell_turtle/shiny.png",
		"default" : "sprite:untamedwilds/softshell_turtle/chinese_1.png"
    }
}