{
	"variants" : {
		"untamedwilds:textures/entity/tarantula/black.png" : "sprite:untamedwilds/tarantula/black.png",
		"untamedwilds:textures/entity/tarantula/black_and_white.png" : "sprite:untamedwilds/tarantula/black_and_white.png",
		"untamedwilds:textures/entity/tarantula/cobalt.png" : "sprite:untamedwilds/tarantula/cobalt.png",
		"untamedwilds:textures/entity/tarantula/king.png" : "sprite:untamedwilds/tarantula/king.png",
		"untamedwilds:textures/entity/tarantula/red_knee.png" : "sprite:untamedwilds/tarantula/red_knee.png",
		"untamedwilds:textures/entity/tarantula/regalis.png" : "sprite:untamedwilds/tarantula/regalis.png",
        "untamedwilds:textures/entity/tarantula/rose.png" : "sprite:untamedwilds/tarantula/rose.png",
        "untamedwilds:textures/entity/tarantula/sling.png" : "sprite:untamedwilds/tarantula/sling",
        "untamedwilds:textures/entity/tarantula/tiger.png" : "sprite:untamedwilds/tarantula/tiger.png",
		"default" : "sprite:untamedwilds/tarantula/black.png"
    }
}