{
	"variants" : {
		"untamedwilds:textures/entity/tortoise/asian_box.png" : "sprite:untamedwilds/tortoise/asian_box.png",
		"untamedwilds:textures/entity/tortoise/gopher.png" : "sprite:untamedwilds/tortoise/gopher.png",
		"untamedwilds:textures/entity/tortoise/leopard.png" : "sprite:untamedwilds/tortoise/leopard.png",
		"untamedwilds:textures/entity/tortoise/marginated.png" : "sprite:untamedwilds/tortoise/marginated.png",
		"untamedwilds:textures/entity/tortoise/star.png" : "sprite:untamedwilds/tortoise/star.png",
		"untamedwilds:textures/entity/tortoise/sulcata.png" : "sprite:untamedwilds/tortoise/sulcata.png",
		"default" : "sprite:untamedwilds/tortoise/marginated.png"
    }
}