{
	"variants" : {
		"default" : "model:0"
	},
	"modelConfigs" : [
		{
			"baseScale" : 0.8,
			"rotationY" : 0,
			"rotationX" : 10,
			"rotationZ" : 0,
			"offsetX" : 0,
			"offsetY" : 0,
			"modelPartsFields" : [
				"com.minecraftabnormals.environmental.client.model.DeerModel;ear1",
				"com.minecraftabnormals.environmental.client.model.DeerModel;ear2",
				"com.minecraftabnormals.environmental.client.model.DeerModel;antler1",
				"com.minecraftabnormals.environmental.client.model.DeerModel;antler2"
			],
			"modelMainPartFieldAliases" : [
				"com.minecraftabnormals.environmental.client.model.DeerModel;head"
			],
			"modelPartsRotationReset" : false
		}
	]
}