{
	"variants" : {
		"environmental:textures/entity/slabfish/type/plains.png" : "sprite:slabfish_plains_0.png",
		"default" : "model:0"
	},
	"modelConfigs" : [
		{
			"baseScale" : 1.0,
			"rotationY" : 0,
			"rotationX" : 0,
			"rotationZ" : 0,
			"offsetX" : 0,
			"offsetY" : 0,
			"modelMainPartFieldAliases" : [
				"com.minecraftabnormals.environmental.client.model.SlabfishModel;body"
			],
			"renderingFullModel" : false,
			"modelPartsRotationReset" : true,
			"layersAllowed" : true
		}
	]
}