{
	"variants" : {
		"default" : "model:0"
	},
	"modelConfigs" : [
		{
			"baseScale" : 0.8,
			"rotationY" : 0,
			"rotationX" : 0,
			"rotationZ" : 0,
			"offsetX" : 0,
			"offsetY" : 0,
            "modelPartsFields" : [
                "projectvibrantjourneys.client.entity.models.ClamModel;top",
                "projectvibrantjourneys.client.entity.models.ClamModel;bottom"                
            ],
			"modelMainPartFieldAliases" : [				
                "projectvibrantjourneys.client.entity.models.ClamModel;pearl"
			],
			"renderingFullModel" : false,
			"modelPartsRotationReset" : false,
			"layersAllowed" : true
		}
	]
}