{
	"variants" : {
		"default" : "model:0"
	},
	"modelConfigs" : [
		{
            "baseScale" : 0.8,
			"rotationY" : 0,
			"rotationX" : 0,
			"rotationZ" : 0,
			"offsetX" : 0,
			"offsetY" : 0,
            "modelPartsFields" : [
                "net.pavocado.exoticbirds.client.model.ModelCrane;UpperBeak",
                "net.pavocado.exoticbirds.client.model.ModelCrane;LowerBeak",
                "net.pavocado.exoticbirds.client.model.ModelCrane;Neck",
                "net.pavocado.exoticbirds.client.model.ModelCrane;Tonsils",
                "net.pavocado.exoticbirds.client.model.ModelCrane;HeadQuill1",
                "net.pavocado.exoticbirds.client.model.ModelCrane;HeadQuill2",
                "net.pavocado.exoticbirds.client.model.ModelCrane;HeadQuill3",
                "net.pavocado.exoticbirds.client.model.ModelCrane;HeadQuill4",
                "net.pavocado.exoticbirds.client.model.ModelCrane;HeadQuill5"
            ],
            "modelMainPartFieldAliases" : [
				"net.pavocado.exoticbirds.client.model.ModelCrane;Head"
			],
			"renderingFullModel" : false,
			"modelPartsRotationReset" : false,
			"layersAllowed" : true
		}
	]
}