{
	"variants" : {
		"default" : "model:0"
	},
	"modelConfigs" : [
		{
            "baseScale" : 0.8,
			"rotationY" : 0,
			"rotationX" : 0,
			"rotationZ" : 0,
			"offsetX" : 0,
			"offsetY" : 0,
            "modelPartsFields" : [
                "net.pavocado.exoticbirds.client.model.ModelHeron;HeadQuiff",
                "net.pavocado.exoticbirds.client.model.ModelHeron;UpperBeak",
                "net.pavocado.exoticbirds.client.model.ModelHeron;LowerBeak",
                "net.pavocado.exoticbirds.client.model.ModelHeron;Neck"
            ],
            "modelMainPartFieldAliases" : [
				"net.pavocado.exoticbirds.client.model.ModelHeron;Head"
			],
			"renderingFullModel" : false,
			"modelPartsRotationReset" : false,
			"layersAllowed" : true
		}
	]
}