{
	"variants" : {
        "iceandfire:dragon_texture_bronze_1truetruetruetruetrue" : "sprite:iceandfire/dragon/bronze_1.png",
        "iceandfire:dragon_texture_bronze_1truetruetruetruefalse" : "sprite:iceandfire/dragon/bronze_1.png",
        "iceandfire:dragon_texture_bronze_1truetruetruefalsetrue" : "sprite:iceandfire/dragon/bronze_1.png",
        "iceandfire:dragon_texture_bronze_1truetruetruefalsefalse" : "sprite:iceandfire/dragon/bronze_1.png",
        "iceandfire:dragon_texture_bronze_1truetruefalsetruetrue" : "sprite:iceandfire/dragon/bronze_1.png",
        "iceandfire:dragon_texture_bronze_1truetruefalsetruefalse" : "sprite:iceandfire/dragon/bronze_1.png",
        "iceandfire:dragon_texture_bronze_1truetruefalsefalsetrue" : "sprite:iceandfire/dragon/bronze_1.png",
        "iceandfire:dragon_texture_bronze_1truetruefalsefalsefalse" : "sprite:iceandfire/dragon/bronze_1.png",
        "iceandfire:dragon_texture_bronze_1truefalsetruetruetrue" : "sprite:iceandfire/dragon/bronze_1.png",
        "iceandfire:dragon_texture_bronze_1truefalsetruetruefalse" : "sprite:iceandfire/dragon/bronze_1.png",
        "iceandfire:dragon_texture_bronze_1truefalsetruefalsetrue" : "sprite:iceandfire/dragon/bronze_1.png",
        "iceandfire:dragon_texture_bronze_1truefalsetruefalsefalse" : "sprite:iceandfire/dragon/bronze_1.png",
        "iceandfire:dragon_texture_bronze_1truefalsefalsetruetrue" : "sprite:iceandfire/dragon/bronze_1.png",
        "iceandfire:dragon_texture_bronze_1truefalsefalsetruefalse" : "sprite:iceandfire/dragon/bronze_1.png",
        "iceandfire:dragon_texture_bronze_1truefalsefalsefalsetrue" : "sprite:iceandfire/dragon/bronze_1.png",
        "iceandfire:dragon_texture_bronze_1truefalsefalsefalsefalse" : "sprite:iceandfire/dragon/bronze_1.png",
        "iceandfire:dragon_texture_bronze_1falsetruetruetruetrue" : "sprite:iceandfire/dragon/bronze_1.png",
        "iceandfire:dragon_texture_bronze_1falsetruetruetruefalse" : "sprite:iceandfire/dragon/bronze_1.png",
        "iceandfire:dragon_texture_bronze_1falsetruetruefalsetrue" : "sprite:iceandfire/dragon/bronze_1.png",
        "iceandfire:dragon_texture_bronze_1falsetruetruefalsefalse" : "sprite:iceandfire/dragon/bronze_1.png",
        "iceandfire:dragon_texture_bronze_1falsetruefalsetruetrue" : "sprite:iceandfire/dragon/bronze_1.png",
        "iceandfire:dragon_texture_bronze_1falsetruefalsetruefalse" : "sprite:iceandfire/dragon/bronze_1.png",
        "iceandfire:dragon_texture_bronze_1falsetruefalsefalsetrue" : "sprite:iceandfire/dragon/bronze_1.png",
        "iceandfire:dragon_texture_bronze_1falsetruefalsefalsefalse" : "sprite:iceandfire/dragon/bronze_1.png",
        "iceandfire:dragon_texture_bronze_1falsefalsetruetruetrue" : "sprite:iceandfire/dragon/bronze_1.png",
        "iceandfire:dragon_texture_bronze_1falsefalsetruetruefalse" : "sprite:iceandfire/dragon/bronze_1.png",
        "iceandfire:dragon_texture_bronze_1falsefalsetruefalsetrue" : "sprite:iceandfire/dragon/bronze_1.png",
        "iceandfire:dragon_texture_bronze_1falsefalsetruefalsefalse" : "sprite:iceandfire/dragon/bronze_1.png",
        "iceandfire:dragon_texture_bronze_1falsefalsefalsetruetrue" : "sprite:iceandfire/dragon/bronze_1.png",
        "iceandfire:dragon_texture_bronze_1falsefalsefalsetruefalse" : "sprite:iceandfire/dragon/bronze_1.png",
        "iceandfire:dragon_texture_bronze_1falsefalsefalsefalsetrue" : "sprite:iceandfire/dragon/bronze_1.png",
        "iceandfire:dragon_texture_bronze_1falsefalsefalsefalsefalse" : "sprite:iceandfire/dragon/bronze_1.png",
        "iceandfire:dragon_texture_gray_1truetruetruetruetrue" : "sprite:iceandfire/dragon/gray_1.png",
        "iceandfire:dragon_texture_gray_1truetruetruetruefalse" : "sprite:iceandfire/dragon/gray_1.png",
        "iceandfire:dragon_texture_gray_1truetruetruefalsetrue" : "sprite:iceandfire/dragon/gray_1.png",
        "iceandfire:dragon_texture_gray_1truetruetruefalsefalse" : "sprite:iceandfire/dragon/gray_1.png",
        "iceandfire:dragon_texture_gray_1truetruefalsetruetrue" : "sprite:iceandfire/dragon/gray_1.png",
        "iceandfire:dragon_texture_gray_1truetruefalsetruefalse" : "sprite:iceandfire/dragon/gray_1.png",
        "iceandfire:dragon_texture_gray_1truetruefalsefalsetrue" : "sprite:iceandfire/dragon/gray_1.png",
        "iceandfire:dragon_texture_gray_1truetruefalsefalsefalse" : "sprite:iceandfire/dragon/gray_1.png",
        "iceandfire:dragon_texture_gray_1truefalsetruetruetrue" : "sprite:iceandfire/dragon/gray_1.png",
        "iceandfire:dragon_texture_gray_1truefalsetruetruefalse" : "sprite:iceandfire/dragon/gray_1.png",
        "iceandfire:dragon_texture_gray_1truefalsetruefalsetrue" : "sprite:iceandfire/dragon/gray_1.png",
        "iceandfire:dragon_texture_gray_1truefalsetruefalsefalse" : "sprite:iceandfire/dragon/gray_1.png",
        "iceandfire:dragon_texture_gray_1truefalsefalsetruetrue" : "sprite:iceandfire/dragon/gray_1.png",
        "iceandfire:dragon_texture_gray_1truefalsefalsetruefalse" : "sprite:iceandfire/dragon/gray_1.png",
        "iceandfire:dragon_texture_gray_1truefalsefalsefalsetrue" : "sprite:iceandfire/dragon/gray_1.png",
        "iceandfire:dragon_texture_gray_1truefalsefalsefalsefalse" : "sprite:iceandfire/dragon/gray_1.png",
        "iceandfire:dragon_texture_gray_1falsetruetruetruetrue" : "sprite:iceandfire/dragon/gray_1.png",
        "iceandfire:dragon_texture_gray_1falsetruetruetruefalse" : "sprite:iceandfire/dragon/gray_1.png",
        "iceandfire:dragon_texture_gray_1falsetruetruefalsetrue" : "sprite:iceandfire/dragon/gray_1.png",
        "iceandfire:dragon_texture_gray_1falsetruetruefalsefalse" : "sprite:iceandfire/dragon/gray_1.png",
        "iceandfire:dragon_texture_gray_1falsetruefalsetruetrue" : "sprite:iceandfire/dragon/gray_1.png",
        "iceandfire:dragon_texture_gray_1falsetruefalsetruefalse" : "sprite:iceandfire/dragon/gray_1.png",
        "iceandfire:dragon_texture_gray_1falsetruefalsefalsetrue" : "sprite:iceandfire/dragon/gray_1.png",
        "iceandfire:dragon_texture_gray_1falsetruefalsefalsefalse" : "sprite:iceandfire/dragon/gray_1.png",
        "iceandfire:dragon_texture_gray_1falsefalsetruetruetrue" : "sprite:iceandfire/dragon/gray_1.png",
        "iceandfire:dragon_texture_gray_1falsefalsetruetruefalse" : "sprite:iceandfire/dragon/gray_1.png",
        "iceandfire:dragon_texture_gray_1falsefalsetruefalsetrue" : "sprite:iceandfire/dragon/gray_1.png",
        "iceandfire:dragon_texture_gray_1falsefalsetruefalsefalse" : "sprite:iceandfire/dragon/gray_1.png",
        "iceandfire:dragon_texture_gray_1falsefalsefalsetruetrue" : "sprite:iceandfire/dragon/gray_1.png",
        "iceandfire:dragon_texture_gray_1falsefalsefalsetruefalse" : "sprite:iceandfire/dragon/gray_1.png",
        "iceandfire:dragon_texture_gray_1falsefalsefalsefalsetrue" : "sprite:iceandfire/dragon/gray_1.png",
        "iceandfire:dragon_texture_gray_1falsefalsefalsefalsefalse" : "sprite:iceandfire/dragon/gray_1.png",
        "iceandfire:dragon_texture_green_1truetruetruetruetrue" : "sprite:iceandfire/dragon/green_1.png",
        "iceandfire:dragon_texture_green_1truetruetruetruefalse" : "sprite:iceandfire/dragon/green_1.png",
        "iceandfire:dragon_texture_green_1truetruetruefalsetrue" : "sprite:iceandfire/dragon/green_1.png",
        "iceandfire:dragon_texture_green_1truetruetruefalsefalse" : "sprite:iceandfire/dragon/green_1.png",
        "iceandfire:dragon_texture_green_1truetruefalsetruetrue" : "sprite:iceandfire/dragon/green_1.png",
        "iceandfire:dragon_texture_green_1truetruefalsetruefalse" : "sprite:iceandfire/dragon/green_1.png",
        "iceandfire:dragon_texture_green_1truetruefalsefalsetrue" : "sprite:iceandfire/dragon/green_1.png",
        "iceandfire:dragon_texture_green_1truetruefalsefalsefalse" : "sprite:iceandfire/dragon/green_1.png",
        "iceandfire:dragon_texture_green_1truefalsetruetruetrue" : "sprite:iceandfire/dragon/green_1.png",
        "iceandfire:dragon_texture_green_1truefalsetruetruefalse" : "sprite:iceandfire/dragon/green_1.png",
        "iceandfire:dragon_texture_green_1truefalsetruefalsetrue" : "sprite:iceandfire/dragon/green_1.png",
        "iceandfire:dragon_texture_green_1truefalsetruefalsefalse" : "sprite:iceandfire/dragon/green_1.png",
        "iceandfire:dragon_texture_green_1truefalsefalsetruetrue" : "sprite:iceandfire/dragon/green_1.png",
        "iceandfire:dragon_texture_green_1truefalsefalsetruefalse" : "sprite:iceandfire/dragon/green_1.png",
        "iceandfire:dragon_texture_green_1truefalsefalsefalsetrue" : "sprite:iceandfire/dragon/green_1.png",
        "iceandfire:dragon_texture_green_1truefalsefalsefalsefalse" : "sprite:iceandfire/dragon/green_1.png",
        "iceandfire:dragon_texture_green_1falsetruetruetruetrue" : "sprite:iceandfire/dragon/green_1.png",
        "iceandfire:dragon_texture_green_1falsetruetruetruefalse" : "sprite:iceandfire/dragon/green_1.png",
        "iceandfire:dragon_texture_green_1falsetruetruefalsetrue" : "sprite:iceandfire/dragon/green_1.png",
        "iceandfire:dragon_texture_green_1falsetruetruefalsefalse" : "sprite:iceandfire/dragon/green_1.png",
        "iceandfire:dragon_texture_green_1falsetruefalsetruetrue" : "sprite:iceandfire/dragon/green_1.png",
        "iceandfire:dragon_texture_green_1falsetruefalsetruefalse" : "sprite:iceandfire/dragon/green_1.png",
        "iceandfire:dragon_texture_green_1falsetruefalsefalsetrue" : "sprite:iceandfire/dragon/green_1.png",
        "iceandfire:dragon_texture_green_1falsetruefalsefalsefalse" : "sprite:iceandfire/dragon/green_1.png",
        "iceandfire:dragon_texture_green_1falsefalsetruetruetrue" : "sprite:iceandfire/dragon/green_1.png",
        "iceandfire:dragon_texture_green_1falsefalsetruetruefalse" : "sprite:iceandfire/dragon/green_1.png",
        "iceandfire:dragon_texture_green_1falsefalsetruefalsetrue" : "sprite:iceandfire/dragon/green_1.png",
        "iceandfire:dragon_texture_green_1falsefalsetruefalsefalse" : "sprite:iceandfire/dragon/green_1.png",
        "iceandfire:dragon_texture_green_1falsefalsefalsetruetrue" : "sprite:iceandfire/dragon/green_1.png",
        "iceandfire:dragon_texture_green_1falsefalsefalsetruefalse" : "sprite:iceandfire/dragon/green_1.png",
        "iceandfire:dragon_texture_green_1falsefalsefalsefalsetrue" : "sprite:iceandfire/dragon/green_1.png",
        "iceandfire:dragon_texture_green_1falsefalsefalsefalsefalse" : "sprite:iceandfire/dragon/green_1.png",
        "iceandfire:dragon_texture_red_1truetruetruetruetrue" : "sprite:iceandfire/dragon/red_1.png",
        "iceandfire:dragon_texture_red_1truetruetruetruefalse" : "sprite:iceandfire/dragon/red_1.png",
        "iceandfire:dragon_texture_red_1truetruetruefalsetrue" : "sprite:iceandfire/dragon/red_1.png",
        "iceandfire:dragon_texture_red_1truetruetruefalsefalse" : "sprite:iceandfire/dragon/red_1.png",
        "iceandfire:dragon_texture_red_1truetruefalsetruetrue" : "sprite:iceandfire/dragon/red_1.png",
        "iceandfire:dragon_texture_red_1truetruefalsetruefalse" : "sprite:iceandfire/dragon/red_1.png",
        "iceandfire:dragon_texture_red_1truetruefalsefalsetrue" : "sprite:iceandfire/dragon/red_1.png",
        "iceandfire:dragon_texture_red_1truetruefalsefalsefalse" : "sprite:iceandfire/dragon/red_1.png",
        "iceandfire:dragon_texture_red_1truefalsetruetruetrue" : "sprite:iceandfire/dragon/red_1.png",
        "iceandfire:dragon_texture_red_1truefalsetruetruefalse" : "sprite:iceandfire/dragon/red_1.png",
        "iceandfire:dragon_texture_red_1truefalsetruefalsetrue" : "sprite:iceandfire/dragon/red_1.png",
        "iceandfire:dragon_texture_red_1truefalsetruefalsefalse" : "sprite:iceandfire/dragon/red_1.png",
        "iceandfire:dragon_texture_red_1truefalsefalsetruetrue" : "sprite:iceandfire/dragon/red_1.png",
        "iceandfire:dragon_texture_red_1truefalsefalsetruefalse" : "sprite:iceandfire/dragon/red_1.png",
        "iceandfire:dragon_texture_red_1truefalsefalsefalsetrue" : "sprite:iceandfire/dragon/red_1.png",
        "iceandfire:dragon_texture_red_1truefalsefalsefalsefalse" : "sprite:iceandfire/dragon/red_1.png",
        "iceandfire:dragon_texture_red_1falsetruetruetruetrue" : "sprite:iceandfire/dragon/red_1.png",
        "iceandfire:dragon_texture_red_1falsetruetruetruefalse" : "sprite:iceandfire/dragon/red_1.png",
        "iceandfire:dragon_texture_red_1falsetruetruefalsetrue" : "sprite:iceandfire/dragon/red_1.png",
        "iceandfire:dragon_texture_red_1falsetruetruefalsefalse" : "sprite:iceandfire/dragon/red_1.png",
        "iceandfire:dragon_texture_red_1falsetruefalsetruetrue" : "sprite:iceandfire/dragon/red_1.png",
        "iceandfire:dragon_texture_red_1falsetruefalsetruefalse" : "sprite:iceandfire/dragon/red_1.png",
        "iceandfire:dragon_texture_red_1falsetruefalsefalsetrue" : "sprite:iceandfire/dragon/red_1.png",
        "iceandfire:dragon_texture_red_1falsetruefalsefalsefalse" : "sprite:iceandfire/dragon/red_1.png",
        "iceandfire:dragon_texture_red_1falsefalsetruetruetrue" : "sprite:iceandfire/dragon/red_1.png",
        "iceandfire:dragon_texture_red_1falsefalsetruetruefalse" : "sprite:iceandfire/dragon/red_1.png",
        "iceandfire:dragon_texture_red_1falsefalsetruefalsetrue" : "sprite:iceandfire/dragon/red_1.png",
        "iceandfire:dragon_texture_red_1falsefalsetruefalsefalse" : "sprite:iceandfire/dragon/red_1.png",
        "iceandfire:dragon_texture_red_1falsefalsefalsetruetrue" : "sprite:iceandfire/dragon/red_1.png",
        "iceandfire:dragon_texture_red_1falsefalsefalsetruefalse" : "sprite:iceandfire/dragon/red_1.png",
        "iceandfire:dragon_texture_red_1falsefalsefalsefalsetrue" : "sprite:iceandfire/dragon/red_1.png",
        "iceandfire:dragon_texture_red_1falsefalsefalsefalsefalse" : "sprite:iceandfire/dragon/red_1.png",
        "iceandfire:dragon_texture_bronze_2truetruetruetruetrue" : "sprite:iceandfire/dragon/bronze_2.png",
        "iceandfire:dragon_texture_bronze_2truetruetruetruefalse" : "sprite:iceandfire/dragon/bronze_2.png",
        "iceandfire:dragon_texture_bronze_2truetruetruefalsetrue" : "sprite:iceandfire/dragon/bronze_2.png",
        "iceandfire:dragon_texture_bronze_2truetruetruefalsefalse" : "sprite:iceandfire/dragon/bronze_2.png",
        "iceandfire:dragon_texture_bronze_2truetruefalsetruetrue" : "sprite:iceandfire/dragon/bronze_2.png",
        "iceandfire:dragon_texture_bronze_2truetruefalsetruefalse" : "sprite:iceandfire/dragon/bronze_2.png",
        "iceandfire:dragon_texture_bronze_2truetruefalsefalsetrue" : "sprite:iceandfire/dragon/bronze_2.png",
        "iceandfire:dragon_texture_bronze_2truetruefalsefalsefalse" : "sprite:iceandfire/dragon/bronze_2.png",
        "iceandfire:dragon_texture_bronze_2truefalsetruetruetrue" : "sprite:iceandfire/dragon/bronze_2.png",
        "iceandfire:dragon_texture_bronze_2truefalsetruetruefalse" : "sprite:iceandfire/dragon/bronze_2.png",
        "iceandfire:dragon_texture_bronze_2truefalsetruefalsetrue" : "sprite:iceandfire/dragon/bronze_2.png",
        "iceandfire:dragon_texture_bronze_2truefalsetruefalsefalse" : "sprite:iceandfire/dragon/bronze_2.png",
        "iceandfire:dragon_texture_bronze_2truefalsefalsetruetrue" : "sprite:iceandfire/dragon/bronze_2.png",
        "iceandfire:dragon_texture_bronze_2truefalsefalsetruefalse" : "sprite:iceandfire/dragon/bronze_2.png",
        "iceandfire:dragon_texture_bronze_2truefalsefalsefalsetrue" : "sprite:iceandfire/dragon/bronze_2.png",
        "iceandfire:dragon_texture_bronze_2truefalsefalsefalsefalse" : "sprite:iceandfire/dragon/bronze_2.png",
        "iceandfire:dragon_texture_bronze_2falsetruetruetruetrue" : "sprite:iceandfire/dragon/bronze_2.png",
        "iceandfire:dragon_texture_bronze_2falsetruetruetruefalse" : "sprite:iceandfire/dragon/bronze_2.png",
        "iceandfire:dragon_texture_bronze_2falsetruetruefalsetrue" : "sprite:iceandfire/dragon/bronze_2.png",
        "iceandfire:dragon_texture_bronze_2falsetruetruefalsefalse" : "sprite:iceandfire/dragon/bronze_2.png",
        "iceandfire:dragon_texture_bronze_2falsetruefalsetruetrue" : "sprite:iceandfire/dragon/bronze_2.png",
        "iceandfire:dragon_texture_bronze_2falsetruefalsetruefalse" : "sprite:iceandfire/dragon/bronze_2.png",
        "iceandfire:dragon_texture_bronze_2falsetruefalsefalsetrue" : "sprite:iceandfire/dragon/bronze_2.png",
        "iceandfire:dragon_texture_bronze_2falsetruefalsefalsefalse" : "sprite:iceandfire/dragon/bronze_2.png",
        "iceandfire:dragon_texture_bronze_2falsefalsetruetruetrue" : "sprite:iceandfire/dragon/bronze_2.png",
        "iceandfire:dragon_texture_bronze_2falsefalsetruetruefalse" : "sprite:iceandfire/dragon/bronze_2.png",
        "iceandfire:dragon_texture_bronze_2falsefalsetruefalsetrue" : "sprite:iceandfire/dragon/bronze_2.png",
        "iceandfire:dragon_texture_bronze_2falsefalsetruefalsefalse" : "sprite:iceandfire/dragon/bronze_2.png",
        "iceandfire:dragon_texture_bronze_2falsefalsefalsetruetrue" : "sprite:iceandfire/dragon/bronze_2.png",
        "iceandfire:dragon_texture_bronze_2falsefalsefalsetruefalse" : "sprite:iceandfire/dragon/bronze_2.png",
        "iceandfire:dragon_texture_bronze_2falsefalsefalsefalsetrue" : "sprite:iceandfire/dragon/bronze_2.png",
        "iceandfire:dragon_texture_bronze_2falsefalsefalsefalsefalse" : "sprite:iceandfire/dragon/bronze_2.png",
        "iceandfire:dragon_texture_gray_2truetruetruetruetrue" : "sprite:iceandfire/dragon/gray_2.png",
        "iceandfire:dragon_texture_gray_2truetruetruetruefalse" : "sprite:iceandfire/dragon/gray_2.png",
        "iceandfire:dragon_texture_gray_2truetruetruefalsetrue" : "sprite:iceandfire/dragon/gray_2.png",
        "iceandfire:dragon_texture_gray_2truetruetruefalsefalse" : "sprite:iceandfire/dragon/gray_2.png",
        "iceandfire:dragon_texture_gray_2truetruefalsetruetrue" : "sprite:iceandfire/dragon/gray_2.png",
        "iceandfire:dragon_texture_gray_2truetruefalsetruefalse" : "sprite:iceandfire/dragon/gray_2.png",
        "iceandfire:dragon_texture_gray_2truetruefalsefalsetrue" : "sprite:iceandfire/dragon/gray_2.png",
        "iceandfire:dragon_texture_gray_2truetruefalsefalsefalse" : "sprite:iceandfire/dragon/gray_2.png",
        "iceandfire:dragon_texture_gray_2truefalsetruetruetrue" : "sprite:iceandfire/dragon/gray_2.png",
        "iceandfire:dragon_texture_gray_2truefalsetruetruefalse" : "sprite:iceandfire/dragon/gray_2.png",
        "iceandfire:dragon_texture_gray_2truefalsetruefalsetrue" : "sprite:iceandfire/dragon/gray_2.png",
        "iceandfire:dragon_texture_gray_2truefalsetruefalsefalse" : "sprite:iceandfire/dragon/gray_2.png",
        "iceandfire:dragon_texture_gray_2truefalsefalsetruetrue" : "sprite:iceandfire/dragon/gray_2.png",
        "iceandfire:dragon_texture_gray_2truefalsefalsetruefalse" : "sprite:iceandfire/dragon/gray_2.png",
        "iceandfire:dragon_texture_gray_2truefalsefalsefalsetrue" : "sprite:iceandfire/dragon/gray_2.png",
        "iceandfire:dragon_texture_gray_2truefalsefalsefalsefalse" : "sprite:iceandfire/dragon/gray_2.png",
        "iceandfire:dragon_texture_gray_2falsetruetruetruetrue" : "sprite:iceandfire/dragon/gray_2.png",
        "iceandfire:dragon_texture_gray_2falsetruetruetruefalse" : "sprite:iceandfire/dragon/gray_2.png",
        "iceandfire:dragon_texture_gray_2falsetruetruefalsetrue" : "sprite:iceandfire/dragon/gray_2.png",
        "iceandfire:dragon_texture_gray_2falsetruetruefalsefalse" : "sprite:iceandfire/dragon/gray_2.png",
        "iceandfire:dragon_texture_gray_2falsetruefalsetruetrue" : "sprite:iceandfire/dragon/gray_2.png",
        "iceandfire:dragon_texture_gray_2falsetruefalsetruefalse" : "sprite:iceandfire/dragon/gray_2.png",
        "iceandfire:dragon_texture_gray_2falsetruefalsefalsetrue" : "sprite:iceandfire/dragon/gray_2.png",
        "iceandfire:dragon_texture_gray_2falsetruefalsefalsefalse" : "sprite:iceandfire/dragon/gray_2.png",
        "iceandfire:dragon_texture_gray_2falsefalsetruetruetrue" : "sprite:iceandfire/dragon/gray_2.png",
        "iceandfire:dragon_texture_gray_2falsefalsetruetruefalse" : "sprite:iceandfire/dragon/gray_2.png",
        "iceandfire:dragon_texture_gray_2falsefalsetruefalsetrue" : "sprite:iceandfire/dragon/gray_2.png",
        "iceandfire:dragon_texture_gray_2falsefalsetruefalsefalse" : "sprite:iceandfire/dragon/gray_2.png",
        "iceandfire:dragon_texture_gray_2falsefalsefalsetruetrue" : "sprite:iceandfire/dragon/gray_2.png",
        "iceandfire:dragon_texture_gray_2falsefalsefalsetruefalse" : "sprite:iceandfire/dragon/gray_2.png",
        "iceandfire:dragon_texture_gray_2falsefalsefalsefalsetrue" : "sprite:iceandfire/dragon/gray_2.png",
        "iceandfire:dragon_texture_gray_2falsefalsefalsefalsefalse" : "sprite:iceandfire/dragon/gray_2.png",
        "iceandfire:dragon_texture_green_2truetruetruetruetrue" : "sprite:iceandfire/dragon/green_2.png",
        "iceandfire:dragon_texture_green_2truetruetruetruefalse" : "sprite:iceandfire/dragon/green_2.png",
        "iceandfire:dragon_texture_green_2truetruetruefalsetrue" : "sprite:iceandfire/dragon/green_2.png",
        "iceandfire:dragon_texture_green_2truetruetruefalsefalse" : "sprite:iceandfire/dragon/green_2.png",
        "iceandfire:dragon_texture_green_2truetruefalsetruetrue" : "sprite:iceandfire/dragon/green_2.png",
        "iceandfire:dragon_texture_green_2truetruefalsetruefalse" : "sprite:iceandfire/dragon/green_2.png",
        "iceandfire:dragon_texture_green_2truetruefalsefalsetrue" : "sprite:iceandfire/dragon/green_2.png",
        "iceandfire:dragon_texture_green_2truetruefalsefalsefalse" : "sprite:iceandfire/dragon/green_2.png",
        "iceandfire:dragon_texture_green_2truefalsetruetruetrue" : "sprite:iceandfire/dragon/green_2.png",
        "iceandfire:dragon_texture_green_2truefalsetruetruefalse" : "sprite:iceandfire/dragon/green_2.png",
        "iceandfire:dragon_texture_green_2truefalsetruefalsetrue" : "sprite:iceandfire/dragon/green_2.png",
        "iceandfire:dragon_texture_green_2truefalsetruefalsefalse" : "sprite:iceandfire/dragon/green_2.png",
        "iceandfire:dragon_texture_green_2truefalsefalsetruetrue" : "sprite:iceandfire/dragon/green_2.png",
        "iceandfire:dragon_texture_green_2truefalsefalsetruefalse" : "sprite:iceandfire/dragon/green_2.png",
        "iceandfire:dragon_texture_green_2truefalsefalsefalsetrue" : "sprite:iceandfire/dragon/green_2.png",
        "iceandfire:dragon_texture_green_2truefalsefalsefalsefalse" : "sprite:iceandfire/dragon/green_2.png",
        "iceandfire:dragon_texture_green_2falsetruetruetruetrue" : "sprite:iceandfire/dragon/green_2.png",
        "iceandfire:dragon_texture_green_2falsetruetruetruefalse" : "sprite:iceandfire/dragon/green_2.png",
        "iceandfire:dragon_texture_green_2falsetruetruefalsetrue" : "sprite:iceandfire/dragon/green_2.png",
        "iceandfire:dragon_texture_green_2falsetruetruefalsefalse" : "sprite:iceandfire/dragon/green_2.png",
        "iceandfire:dragon_texture_green_2falsetruefalsetruetrue" : "sprite:iceandfire/dragon/green_2.png",
        "iceandfire:dragon_texture_green_2falsetruefalsetruefalse" : "sprite:iceandfire/dragon/green_2.png",
        "iceandfire:dragon_texture_green_2falsetruefalsefalsetrue" : "sprite:iceandfire/dragon/green_2.png",
        "iceandfire:dragon_texture_green_2falsetruefalsefalsefalse" : "sprite:iceandfire/dragon/green_2.png",
        "iceandfire:dragon_texture_green_2falsefalsetruetruetrue" : "sprite:iceandfire/dragon/green_2.png",
        "iceandfire:dragon_texture_green_2falsefalsetruetruefalse" : "sprite:iceandfire/dragon/green_2.png",
        "iceandfire:dragon_texture_green_2falsefalsetruefalsetrue" : "sprite:iceandfire/dragon/green_2.png",
        "iceandfire:dragon_texture_green_2falsefalsetruefalsefalse" : "sprite:iceandfire/dragon/green_2.png",
        "iceandfire:dragon_texture_green_2falsefalsefalsetruetrue" : "sprite:iceandfire/dragon/green_2.png",
        "iceandfire:dragon_texture_green_2falsefalsefalsetruefalse" : "sprite:iceandfire/dragon/green_2.png",
        "iceandfire:dragon_texture_green_2falsefalsefalsefalsetrue" : "sprite:iceandfire/dragon/green_2.png",
        "iceandfire:dragon_texture_green_2falsefalsefalsefalsefalse" : "sprite:iceandfire/dragon/green_2.png",
        "iceandfire:dragon_texture_red_2truetruetruetruetrue" : "sprite:iceandfire/dragon/red_2.png",
        "iceandfire:dragon_texture_red_2truetruetruetruefalse" : "sprite:iceandfire/dragon/red_2.png",
        "iceandfire:dragon_texture_red_2truetruetruefalsetrue" : "sprite:iceandfire/dragon/red_2.png",
        "iceandfire:dragon_texture_red_2truetruetruefalsefalse" : "sprite:iceandfire/dragon/red_2.png",
        "iceandfire:dragon_texture_red_2truetruefalsetruetrue" : "sprite:iceandfire/dragon/red_2.png",
        "iceandfire:dragon_texture_red_2truetruefalsetruefalse" : "sprite:iceandfire/dragon/red_2.png",
        "iceandfire:dragon_texture_red_2truetruefalsefalsetrue" : "sprite:iceandfire/dragon/red_2.png",
        "iceandfire:dragon_texture_red_2truetruefalsefalsefalse" : "sprite:iceandfire/dragon/red_2.png",
        "iceandfire:dragon_texture_red_2truefalsetruetruetrue" : "sprite:iceandfire/dragon/red_2.png",
        "iceandfire:dragon_texture_red_2truefalsetruetruefalse" : "sprite:iceandfire/dragon/red_2.png",
        "iceandfire:dragon_texture_red_2truefalsetruefalsetrue" : "sprite:iceandfire/dragon/red_2.png",
        "iceandfire:dragon_texture_red_2truefalsetruefalsefalse" : "sprite:iceandfire/dragon/red_2.png",
        "iceandfire:dragon_texture_red_2truefalsefalsetruetrue" : "sprite:iceandfire/dragon/red_2.png",
        "iceandfire:dragon_texture_red_2truefalsefalsetruefalse" : "sprite:iceandfire/dragon/red_2.png",
        "iceandfire:dragon_texture_red_2truefalsefalsefalsetrue" : "sprite:iceandfire/dragon/red_2.png",
        "iceandfire:dragon_texture_red_2truefalsefalsefalsefalse" : "sprite:iceandfire/dragon/red_2.png",
        "iceandfire:dragon_texture_red_2falsetruetruetruetrue" : "sprite:iceandfire/dragon/red_2.png",
        "iceandfire:dragon_texture_red_2falsetruetruetruefalse" : "sprite:iceandfire/dragon/red_2.png",
        "iceandfire:dragon_texture_red_2falsetruetruefalsetrue" : "sprite:iceandfire/dragon/red_2.png",
        "iceandfire:dragon_texture_red_2falsetruetruefalsefalse" : "sprite:iceandfire/dragon/red_2.png",
        "iceandfire:dragon_texture_red_2falsetruefalsetruetrue" : "sprite:iceandfire/dragon/red_2.png",
        "iceandfire:dragon_texture_red_2falsetruefalsetruefalse" : "sprite:iceandfire/dragon/red_2.png",
        "iceandfire:dragon_texture_red_2falsetruefalsefalsetrue" : "sprite:iceandfire/dragon/red_2.png",
        "iceandfire:dragon_texture_red_2falsetruefalsefalsefalse" : "sprite:iceandfire/dragon/red_2.png",
        "iceandfire:dragon_texture_red_2falsefalsetruetruetrue" : "sprite:iceandfire/dragon/red_2.png",
        "iceandfire:dragon_texture_red_2falsefalsetruetruefalse" : "sprite:iceandfire/dragon/red_2.png",
        "iceandfire:dragon_texture_red_2falsefalsetruefalsetrue" : "sprite:iceandfire/dragon/red_2.png",
        "iceandfire:dragon_texture_red_2falsefalsetruefalsefalse" : "sprite:iceandfire/dragon/red_2.png",
        "iceandfire:dragon_texture_red_2falsefalsefalsetruetrue" : "sprite:iceandfire/dragon/red_2.png",
        "iceandfire:dragon_texture_red_2falsefalsefalsetruefalse" : "sprite:iceandfire/dragon/red_2.png",
        "iceandfire:dragon_texture_red_2falsefalsefalsefalsetrue" : "sprite:iceandfire/dragon/red_2.png",
        "iceandfire:dragon_texture_red_2falsefalsefalsefalsefalse" : "sprite:iceandfire/dragon/red_2.png",
        "iceandfire:dragon_texture_bronze_3truetruetruetruefalse" : "sprite:iceandfire/dragon/bronze_3.png",
        "iceandfire:dragon_texture_bronze_3truetruetruefalsetrue" : "sprite:iceandfire/dragon/bronze_3.png",
        "iceandfire:dragon_texture_bronze_3truetruetruefalsefalse" : "sprite:iceandfire/dragon/bronze_3.png",
        "iceandfire:dragon_texture_bronze_3truetruefalsetruetrue" : "sprite:iceandfire/dragon/bronze_3.png",
        "iceandfire:dragon_texture_bronze_3truetruefalsetruefalse" : "sprite:iceandfire/dragon/bronze_3.png",
        "iceandfire:dragon_texture_bronze_3truetruefalsefalsetrue" : "sprite:iceandfire/dragon/bronze_3.png",
        "iceandfire:dragon_texture_bronze_3truetruefalsefalsefalse" : "sprite:iceandfire/dragon/bronze_3.png",
        "iceandfire:dragon_texture_bronze_3truefalsetruetruetrue" : "sprite:iceandfire/dragon/bronze_3.png",
        "iceandfire:dragon_texture_bronze_3truefalsetruetruefalse" : "sprite:iceandfire/dragon/bronze_3.png",
        "iceandfire:dragon_texture_bronze_3truefalsetruefalsetrue" : "sprite:iceandfire/dragon/bronze_3.png",
        "iceandfire:dragon_texture_bronze_3truefalsetruefalsefalse" : "sprite:iceandfire/dragon/bronze_3.png",
        "iceandfire:dragon_texture_bronze_3truefalsefalsetruetrue" : "sprite:iceandfire/dragon/bronze_3.png",
        "iceandfire:dragon_texture_bronze_3truefalsefalsetruefalse" : "sprite:iceandfire/dragon/bronze_3.png",
        "iceandfire:dragon_texture_bronze_3truefalsefalsefalsetrue" : "sprite:iceandfire/dragon/bronze_3.png",
        "iceandfire:dragon_texture_bronze_3truefalsefalsefalsefalse" : "sprite:iceandfire/dragon/bronze_3.png",
        "iceandfire:dragon_texture_bronze_3falsetruetruetruetrue" : "sprite:iceandfire/dragon/bronze_3.png",
        "iceandfire:dragon_texture_bronze_3falsetruetruetruefalse" : "sprite:iceandfire/dragon/bronze_3.png",
        "iceandfire:dragon_texture_bronze_3falsetruetruefalsetrue" : "sprite:iceandfire/dragon/bronze_3.png",
        "iceandfire:dragon_texture_bronze_3falsetruetruefalsefalse" : "sprite:iceandfire/dragon/bronze_3.png",
        "iceandfire:dragon_texture_bronze_3falsetruefalsetruetrue" : "sprite:iceandfire/dragon/bronze_3.png",
        "iceandfire:dragon_texture_bronze_3falsetruefalsetruefalse" : "sprite:iceandfire/dragon/bronze_3.png",
        "iceandfire:dragon_texture_bronze_3falsetruefalsefalsetrue" : "sprite:iceandfire/dragon/bronze_3.png",
        "iceandfire:dragon_texture_bronze_3falsetruefalsefalsefalse" : "sprite:iceandfire/dragon/bronze_3.png",
        "iceandfire:dragon_texture_bronze_3falsefalsetruetruetrue" : "sprite:iceandfire/dragon/bronze_3.png",
        "iceandfire:dragon_texture_bronze_3falsefalsetruetruefalse" : "sprite:iceandfire/dragon/bronze_3.png",
        "iceandfire:dragon_texture_bronze_3falsefalsetruefalsetrue" : "sprite:iceandfire/dragon/bronze_3.png",
        "iceandfire:dragon_texture_bronze_3falsefalsetruefalsefalse" : "sprite:iceandfire/dragon/bronze_3.png",
        "iceandfire:dragon_texture_bronze_3falsefalsefalsetruetrue" : "sprite:iceandfire/dragon/bronze_3.png",
        "iceandfire:dragon_texture_bronze_3falsefalsefalsetruefalse" : "sprite:iceandfire/dragon/bronze_3.png",
        "iceandfire:dragon_texture_bronze_3falsefalsefalsefalsetrue" : "sprite:iceandfire/dragon/bronze_3.png",
        "iceandfire:dragon_texture_bronze_3falsefalsefalsefalsefalse" : "sprite:iceandfire/dragon/bronze_3.png",
        "iceandfire:dragon_texture_gray_3truetruetruetruetrue" : "sprite:iceandfire/dragon/gray_3.png",
        "iceandfire:dragon_texture_gray_3truetruetruetruefalse" : "sprite:iceandfire/dragon/gray_3.png",
        "iceandfire:dragon_texture_gray_3truetruetruefalsetrue" : "sprite:iceandfire/dragon/gray_3.png",
        "iceandfire:dragon_texture_gray_3truetruetruefalsefalse" : "sprite:iceandfire/dragon/gray_3.png",
        "iceandfire:dragon_texture_gray_3truetruefalsetruetrue" : "sprite:iceandfire/dragon/gray_3.png",
        "iceandfire:dragon_texture_gray_3truetruefalsetruefalse" : "sprite:iceandfire/dragon/gray_3.png",
        "iceandfire:dragon_texture_gray_3truetruefalsefalsetrue" : "sprite:iceandfire/dragon/gray_3.png",
        "iceandfire:dragon_texture_gray_3truetruefalsefalsefalse" : "sprite:iceandfire/dragon/gray_3.png",
        "iceandfire:dragon_texture_gray_3truefalsetruetruetrue" : "sprite:iceandfire/dragon/gray_3.png",
        "iceandfire:dragon_texture_gray_3truefalsetruetruefalse" : "sprite:iceandfire/dragon/gray_3.png",
        "iceandfire:dragon_texture_gray_3truefalsetruefalsetrue" : "sprite:iceandfire/dragon/gray_3.png",
        "iceandfire:dragon_texture_gray_3truefalsetruefalsefalse" : "sprite:iceandfire/dragon/gray_3.png",
        "iceandfire:dragon_texture_gray_3truefalsefalsetruetrue" : "sprite:iceandfire/dragon/gray_3.png",
        "iceandfire:dragon_texture_gray_3truefalsefalsetruefalse" : "sprite:iceandfire/dragon/gray_3.png",
        "iceandfire:dragon_texture_gray_3truefalsefalsefalsetrue" : "sprite:iceandfire/dragon/gray_3.png",
        "iceandfire:dragon_texture_gray_3truefalsefalsefalsefalse" : "sprite:iceandfire/dragon/gray_3.png",
        "iceandfire:dragon_texture_gray_3falsetruetruetruetrue" : "sprite:iceandfire/dragon/gray_3.png",
        "iceandfire:dragon_texture_gray_3falsetruetruetruefalse" : "sprite:iceandfire/dragon/gray_3.png",
        "iceandfire:dragon_texture_gray_3falsetruetruefalsetrue" : "sprite:iceandfire/dragon/gray_3.png",
        "iceandfire:dragon_texture_gray_3falsetruetruefalsefalse" : "sprite:iceandfire/dragon/gray_3.png",
        "iceandfire:dragon_texture_gray_3falsetruefalsetruetrue" : "sprite:iceandfire/dragon/gray_3.png",
        "iceandfire:dragon_texture_gray_3falsetruefalsetruefalse" : "sprite:iceandfire/dragon/gray_3.png",
        "iceandfire:dragon_texture_gray_3falsetruefalsefalsetrue" : "sprite:iceandfire/dragon/gray_3.png",
        "iceandfire:dragon_texture_gray_3falsetruefalsefalsefalse" : "sprite:iceandfire/dragon/gray_3.png",
        "iceandfire:dragon_texture_gray_3falsefalsetruetruetrue" : "sprite:iceandfire/dragon/gray_3.png",
        "iceandfire:dragon_texture_gray_3falsefalsetruetruefalse" : "sprite:iceandfire/dragon/gray_3.png",
        "iceandfire:dragon_texture_gray_3falsefalsetruefalsetrue" : "sprite:iceandfire/dragon/gray_3.png",
        "iceandfire:dragon_texture_gray_3falsefalsetruefalsefalse" : "sprite:iceandfire/dragon/gray_3.png",
        "iceandfire:dragon_texture_gray_3falsefalsefalsetruetrue" : "sprite:iceandfire/dragon/gray_3.png",
        "iceandfire:dragon_texture_gray_3falsefalsefalsetruefalse" : "sprite:iceandfire/dragon/gray_3.png",
        "iceandfire:dragon_texture_gray_3falsefalsefalsefalsetrue" : "sprite:iceandfire/dragon/gray_3.png",
        "iceandfire:dragon_texture_gray_3falsefalsefalsefalsefalse" : "sprite:iceandfire/dragon/gray_3.png",
        "iceandfire:dragon_texture_green_3truetruetruetruetrue" : "sprite:iceandfire/dragon/green_3.png",
        "iceandfire:dragon_texture_green_3truetruetruetruefalse" : "sprite:iceandfire/dragon/green_3.png",
        "iceandfire:dragon_texture_green_3truetruetruefalsetrue" : "sprite:iceandfire/dragon/green_3.png",
        "iceandfire:dragon_texture_green_3truetruetruefalsefalse" : "sprite:iceandfire/dragon/green_3.png",
        "iceandfire:dragon_texture_green_3truetruefalsetruetrue" : "sprite:iceandfire/dragon/green_3.png",
        "iceandfire:dragon_texture_green_3truetruefalsetruefalse" : "sprite:iceandfire/dragon/green_3.png",
        "iceandfire:dragon_texture_green_3truetruefalsefalsetrue" : "sprite:iceandfire/dragon/green_3.png",
        "iceandfire:dragon_texture_green_3truetruefalsefalsefalse" : "sprite:iceandfire/dragon/green_3.png",
        "iceandfire:dragon_texture_green_3truefalsetruetruetrue" : "sprite:iceandfire/dragon/green_3.png",
        "iceandfire:dragon_texture_green_3truefalsetruetruefalse" : "sprite:iceandfire/dragon/green_3.png",
        "iceandfire:dragon_texture_green_3truefalsetruefalsetrue" : "sprite:iceandfire/dragon/green_3.png",
        "iceandfire:dragon_texture_green_3truefalsetruefalsefalse" : "sprite:iceandfire/dragon/green_3.png",
        "iceandfire:dragon_texture_green_3truefalsefalsetruetrue" : "sprite:iceandfire/dragon/green_3.png",
        "iceandfire:dragon_texture_green_3truefalsefalsetruefalse" : "sprite:iceandfire/dragon/green_3.png",
        "iceandfire:dragon_texture_green_3truefalsefalsefalsetrue" : "sprite:iceandfire/dragon/green_3.png",
        "iceandfire:dragon_texture_green_3truefalsefalsefalsefalse" : "sprite:iceandfire/dragon/green_3.png",
        "iceandfire:dragon_texture_green_3falsetruetruetruetrue" : "sprite:iceandfire/dragon/green_3.png",
        "iceandfire:dragon_texture_green_3falsetruetruetruefalse" : "sprite:iceandfire/dragon/green_3.png",
        "iceandfire:dragon_texture_green_3falsetruetruefalsetrue" : "sprite:iceandfire/dragon/green_3.png",
        "iceandfire:dragon_texture_green_3falsetruetruefalsefalse" : "sprite:iceandfire/dragon/green_3.png",
        "iceandfire:dragon_texture_green_3falsetruefalsetruetrue" : "sprite:iceandfire/dragon/green_3.png",
        "iceandfire:dragon_texture_green_3falsetruefalsetruefalse" : "sprite:iceandfire/dragon/green_3.png",
        "iceandfire:dragon_texture_green_3falsetruefalsefalsetrue" : "sprite:iceandfire/dragon/green_3.png",
        "iceandfire:dragon_texture_green_3falsetruefalsefalsefalse" : "sprite:iceandfire/dragon/green_3.png",
        "iceandfire:dragon_texture_green_3falsefalsetruetruetrue" : "sprite:iceandfire/dragon/green_3.png",
        "iceandfire:dragon_texture_green_3falsefalsetruetruefalse" : "sprite:iceandfire/dragon/green_3.png",
        "iceandfire:dragon_texture_green_3falsefalsetruefalsetrue" : "sprite:iceandfire/dragon/green_3.png",
        "iceandfire:dragon_texture_green_3falsefalsetruefalsefalse" : "sprite:iceandfire/dragon/green_3.png",
        "iceandfire:dragon_texture_green_3falsefalsefalsetruetrue" : "sprite:iceandfire/dragon/green_3.png",
        "iceandfire:dragon_texture_green_3falsefalsefalsetruefalse" : "sprite:iceandfire/dragon/green_3.png",
        "iceandfire:dragon_texture_green_3falsefalsefalsefalsetrue" : "sprite:iceandfire/dragon/green_3.png",
        "iceandfire:dragon_texture_green_3falsefalsefalsefalsefalse" : "sprite:iceandfire/dragon/green_3.png",
        "iceandfire:dragon_texture_red_3truetruetruetruetrue" : "sprite:iceandfire/dragon/red_3.png",
        "iceandfire:dragon_texture_red_3truetruetruetruefalse" : "sprite:iceandfire/dragon/red_3.png",
        "iceandfire:dragon_texture_red_3truetruetruefalsetrue" : "sprite:iceandfire/dragon/red_3.png",
        "iceandfire:dragon_texture_red_3truetruetruefalsefalse" : "sprite:iceandfire/dragon/red_3.png",
        "iceandfire:dragon_texture_red_3truetruefalsetruetrue" : "sprite:iceandfire/dragon/red_3.png",
        "iceandfire:dragon_texture_red_3truetruefalsetruefalse" : "sprite:iceandfire/dragon/red_3.png",
        "iceandfire:dragon_texture_red_3truetruefalsefalsetrue" : "sprite:iceandfire/dragon/red_3.png",
        "iceandfire:dragon_texture_red_3truetruefalsefalsefalse" : "sprite:iceandfire/dragon/red_3.png",
        "iceandfire:dragon_texture_red_3truefalsetruetruetrue" : "sprite:iceandfire/dragon/red_3.png",
        "iceandfire:dragon_texture_red_3truefalsetruetruefalse" : "sprite:iceandfire/dragon/red_3.png",
        "iceandfire:dragon_texture_red_3truefalsetruefalsetrue" : "sprite:iceandfire/dragon/red_3.png",
        "iceandfire:dragon_texture_red_3truefalsetruefalsefalse" : "sprite:iceandfire/dragon/red_3.png",
        "iceandfire:dragon_texture_red_3truefalsefalsetruetrue" : "sprite:iceandfire/dragon/red_3.png",
        "iceandfire:dragon_texture_red_3truefalsefalsetruefalse" : "sprite:iceandfire/dragon/red_3.png",
        "iceandfire:dragon_texture_red_3truefalsefalsefalsetrue" : "sprite:iceandfire/dragon/red_3.png",
        "iceandfire:dragon_texture_red_3truefalsefalsefalsefalse" : "sprite:iceandfire/dragon/red_3.png",
        "iceandfire:dragon_texture_red_3falsetruetruetruetrue" : "sprite:iceandfire/dragon/red_3.png",
        "iceandfire:dragon_texture_red_3falsetruetruetruefalse" : "sprite:iceandfire/dragon/red_3.png",
        "iceandfire:dragon_texture_red_3falsetruetruefalsetrue" : "sprite:iceandfire/dragon/red_3.png",
        "iceandfire:dragon_texture_red_3falsetruetruefalsefalse" : "sprite:iceandfire/dragon/red_3.png",
        "iceandfire:dragon_texture_red_3falsetruefalsetruetrue" : "sprite:iceandfire/dragon/red_3.png",
        "iceandfire:dragon_texture_red_3falsetruefalsetruefalse" : "sprite:iceandfire/dragon/red_3.png",
        "iceandfire:dragon_texture_red_3falsetruefalsefalsetrue" : "sprite:iceandfire/dragon/red_3.png",
        "iceandfire:dragon_texture_red_3falsetruefalsefalsefalse" : "sprite:iceandfire/dragon/red_3.png",
        "iceandfire:dragon_texture_red_3falsefalsetruetruetrue" : "sprite:iceandfire/dragon/red_3.png",
        "iceandfire:dragon_texture_red_3falsefalsetruetruefalse" : "sprite:iceandfire/dragon/red_3.png",
        "iceandfire:dragon_texture_red_3falsefalsetruefalsetrue" : "sprite:iceandfire/dragon/red_3.png",
        "iceandfire:dragon_texture_red_3falsefalsetruefalsefalse" : "sprite:iceandfire/dragon/red_3.png",
        "iceandfire:dragon_texture_red_3falsefalsefalsetruetrue" : "sprite:iceandfire/dragon/red_3.png",
        "iceandfire:dragon_texture_red_3falsefalsefalsetruefalse" : "sprite:iceandfire/dragon/red_3.png",
        "iceandfire:dragon_texture_red_3falsefalsefalsefalsetrue" : "sprite:iceandfire/dragon/red_3.png",
        "iceandfire:dragon_texture_red_3falsefalsefalsefalsefalse" : "sprite:iceandfire/dragon/red_3.png",
        "iceandfire:dragon_texture_bronze_4truetruetruetruetrue" : "sprite:iceandfire/dragon/bronze_4.png",
        "iceandfire:dragon_texture_bronze_4truetruetruetruefalse" : "sprite:iceandfire/dragon/bronze_4.png",
        "iceandfire:dragon_texture_bronze_4truetruetruefalsetrue" : "sprite:iceandfire/dragon/bronze_4.png",
        "iceandfire:dragon_texture_bronze_4truetruetruefalsefalse" : "sprite:iceandfire/dragon/bronze_4.png",
        "iceandfire:dragon_texture_bronze_4truetruefalsetruetrue" : "sprite:iceandfire/dragon/bronze_4.png",
        "iceandfire:dragon_texture_bronze_4truetruefalsetruefalse" : "sprite:iceandfire/dragon/bronze_4.png",
        "iceandfire:dragon_texture_bronze_4truetruefalsefalsetrue" : "sprite:iceandfire/dragon/bronze_4.png",
        "iceandfire:dragon_texture_bronze_4truetruefalsefalsefalse" : "sprite:iceandfire/dragon/bronze_4.png",
        "iceandfire:dragon_texture_bronze_4truefalsetruetruetrue" : "sprite:iceandfire/dragon/bronze_4.png",
        "iceandfire:dragon_texture_bronze_4truefalsetruetruefalse" : "sprite:iceandfire/dragon/bronze_4.png",
        "iceandfire:dragon_texture_bronze_4truefalsetruefalsetrue" : "sprite:iceandfire/dragon/bronze_4.png",
        "iceandfire:dragon_texture_bronze_4truefalsetruefalsefalse" : "sprite:iceandfire/dragon/bronze_4.png",
        "iceandfire:dragon_texture_bronze_4truefalsefalsetruetrue" : "sprite:iceandfire/dragon/bronze_4.png",
        "iceandfire:dragon_texture_bronze_4truefalsefalsetruefalse" : "sprite:iceandfire/dragon/bronze_4.png",
        "iceandfire:dragon_texture_bronze_4truefalsefalsefalsetrue" : "sprite:iceandfire/dragon/bronze_4.png",
        "iceandfire:dragon_texture_bronze_4truefalsefalsefalsefalse" : "sprite:iceandfire/dragon/bronze_4.png",
        "iceandfire:dragon_texture_bronze_4falsetruetruetruetrue" : "sprite:iceandfire/dragon/bronze_4.png",
        "iceandfire:dragon_texture_bronze_4falsetruetruetruefalse" : "sprite:iceandfire/dragon/bronze_4.png",
        "iceandfire:dragon_texture_bronze_4falsetruetruefalsetrue" : "sprite:iceandfire/dragon/bronze_4.png",
        "iceandfire:dragon_texture_bronze_4falsetruetruefalsefalse" : "sprite:iceandfire/dragon/bronze_4.png",
        "iceandfire:dragon_texture_bronze_4falsetruefalsetruetrue" : "sprite:iceandfire/dragon/bronze_4.png",
        "iceandfire:dragon_texture_bronze_4falsetruefalsetruefalse" : "sprite:iceandfire/dragon/bronze_4.png",
        "iceandfire:dragon_texture_bronze_4falsetruefalsefalsetrue" : "sprite:iceandfire/dragon/bronze_4.png",
        "iceandfire:dragon_texture_bronze_4falsetruefalsefalsefalse" : "sprite:iceandfire/dragon/bronze_4.png",
        "iceandfire:dragon_texture_bronze_4falsefalsetruetruetrue" : "sprite:iceandfire/dragon/bronze_4.png",
        "iceandfire:dragon_texture_bronze_4falsefalsetruetruefalse" : "sprite:iceandfire/dragon/bronze_4.png",
        "iceandfire:dragon_texture_bronze_4falsefalsetruefalsetrue" : "sprite:iceandfire/dragon/bronze_4.png",
        "iceandfire:dragon_texture_bronze_4falsefalsetruefalsefalse" : "sprite:iceandfire/dragon/bronze_4.png",
        "iceandfire:dragon_texture_bronze_4falsefalsefalsetruetrue" : "sprite:iceandfire/dragon/bronze_4.png",
        "iceandfire:dragon_texture_bronze_4falsefalsefalsetruefalse" : "sprite:iceandfire/dragon/bronze_4.png",
        "iceandfire:dragon_texture_bronze_4falsefalsefalsefalsetrue" : "sprite:iceandfire/dragon/bronze_4.png",
        "iceandfire:dragon_texture_bronze_4falsefalsefalsefalsefalse" : "sprite:iceandfire/dragon/bronze_4.png",
        "iceandfire:dragon_texture_gray_4truetruetruetruetrue" : "sprite:iceandfire/dragon/gray_4.png",
        "iceandfire:dragon_texture_gray_4truetruetruetruefalse" : "sprite:iceandfire/dragon/gray_4.png",
        "iceandfire:dragon_texture_gray_4truetruetruefalsetrue" : "sprite:iceandfire/dragon/gray_4.png",
        "iceandfire:dragon_texture_gray_4truetruetruefalsefalse" : "sprite:iceandfire/dragon/gray_4.png",
        "iceandfire:dragon_texture_gray_4truetruefalsetruetrue" : "sprite:iceandfire/dragon/gray_4.png",
        "iceandfire:dragon_texture_gray_4truetruefalsetruefalse" : "sprite:iceandfire/dragon/gray_4.png",
        "iceandfire:dragon_texture_gray_4truetruefalsefalsetrue" : "sprite:iceandfire/dragon/gray_4.png",
        "iceandfire:dragon_texture_gray_4truetruefalsefalsefalse" : "sprite:iceandfire/dragon/gray_4.png",
        "iceandfire:dragon_texture_gray_4truefalsetruetruetrue" : "sprite:iceandfire/dragon/gray_4.png",
        "iceandfire:dragon_texture_gray_4truefalsetruetruefalse" : "sprite:iceandfire/dragon/gray_4.png",
        "iceandfire:dragon_texture_gray_4truefalsetruefalsetrue" : "sprite:iceandfire/dragon/gray_4.png",
        "iceandfire:dragon_texture_gray_4truefalsetruefalsefalse" : "sprite:iceandfire/dragon/gray_4.png",
        "iceandfire:dragon_texture_gray_4truefalsefalsetruetrue" : "sprite:iceandfire/dragon/gray_4.png",
        "iceandfire:dragon_texture_gray_4truefalsefalsetruefalse" : "sprite:iceandfire/dragon/gray_4.png",
        "iceandfire:dragon_texture_gray_4truefalsefalsefalsetrue" : "sprite:iceandfire/dragon/gray_4.png",
        "iceandfire:dragon_texture_gray_4truefalsefalsefalsefalse" : "sprite:iceandfire/dragon/gray_4.png",
        "iceandfire:dragon_texture_gray_4falsetruetruetruetrue" : "sprite:iceandfire/dragon/gray_4.png",
        "iceandfire:dragon_texture_gray_4falsetruetruetruefalse" : "sprite:iceandfire/dragon/gray_4.png",
        "iceandfire:dragon_texture_gray_4falsetruetruefalsetrue" : "sprite:iceandfire/dragon/gray_4.png",
        "iceandfire:dragon_texture_gray_4falsetruetruefalsefalse" : "sprite:iceandfire/dragon/gray_4.png",
        "iceandfire:dragon_texture_gray_4falsetruefalsetruetrue" : "sprite:iceandfire/dragon/gray_4.png",
        "iceandfire:dragon_texture_gray_4falsetruefalsetruefalse" : "sprite:iceandfire/dragon/gray_4.png",
        "iceandfire:dragon_texture_gray_4falsetruefalsefalsetrue" : "sprite:iceandfire/dragon/gray_4.png",
        "iceandfire:dragon_texture_gray_4falsetruefalsefalsefalse" : "sprite:iceandfire/dragon/gray_4.png",
        "iceandfire:dragon_texture_gray_4falsefalsetruetruetrue" : "sprite:iceandfire/dragon/gray_4.png",
        "iceandfire:dragon_texture_gray_4falsefalsetruetruefalse" : "sprite:iceandfire/dragon/gray_4.png",
        "iceandfire:dragon_texture_gray_4falsefalsetruefalsetrue" : "sprite:iceandfire/dragon/gray_4.png",
        "iceandfire:dragon_texture_gray_4falsefalsetruefalsefalse" : "sprite:iceandfire/dragon/gray_4.png",
        "iceandfire:dragon_texture_gray_4falsefalsefalsetruetrue" : "sprite:iceandfire/dragon/gray_4.png",
        "iceandfire:dragon_texture_gray_4falsefalsefalsetruefalse" : "sprite:iceandfire/dragon/gray_4.png",
        "iceandfire:dragon_texture_gray_4falsefalsefalsefalsetrue" : "sprite:iceandfire/dragon/gray_4.png",
        "iceandfire:dragon_texture_gray_4falsefalsefalsefalsefalse" : "sprite:iceandfire/dragon/gray_4.png",
        "iceandfire:dragon_texture_green_4truetruetruetruetrue" : "sprite:iceandfire/dragon/green_4.png",
        "iceandfire:dragon_texture_green_4truetruetruetruefalse" : "sprite:iceandfire/dragon/green_4.png",
        "iceandfire:dragon_texture_green_4truetruetruefalsetrue" : "sprite:iceandfire/dragon/green_4.png",
        "iceandfire:dragon_texture_green_4truetruetruefalsefalse" : "sprite:iceandfire/dragon/green_4.png",
        "iceandfire:dragon_texture_green_4truetruefalsetruetrue" : "sprite:iceandfire/dragon/green_4.png",
        "iceandfire:dragon_texture_green_4truetruefalsetruefalse" : "sprite:iceandfire/dragon/green_4.png",
        "iceandfire:dragon_texture_green_4truetruefalsefalsetrue" : "sprite:iceandfire/dragon/green_4.png",
        "iceandfire:dragon_texture_green_4truetruefalsefalsefalse" : "sprite:iceandfire/dragon/green_4.png",
        "iceandfire:dragon_texture_green_4truefalsetruetruetrue" : "sprite:iceandfire/dragon/green_4.png",
        "iceandfire:dragon_texture_green_4truefalsetruetruefalse" : "sprite:iceandfire/dragon/green_4.png",
        "iceandfire:dragon_texture_green_4truefalsetruefalsetrue" : "sprite:iceandfire/dragon/green_4.png",
        "iceandfire:dragon_texture_green_4truefalsetruefalsefalse" : "sprite:iceandfire/dragon/green_4.png",
        "iceandfire:dragon_texture_green_4truefalsefalsetruetrue" : "sprite:iceandfire/dragon/green_4.png",
        "iceandfire:dragon_texture_green_4truefalsefalsetruefalse" : "sprite:iceandfire/dragon/green_4.png",
        "iceandfire:dragon_texture_green_4truefalsefalsefalsetrue" : "sprite:iceandfire/dragon/green_4.png",
        "iceandfire:dragon_texture_green_4truefalsefalsefalsefalse" : "sprite:iceandfire/dragon/green_4.png",
        "iceandfire:dragon_texture_green_4falsetruetruetruetrue" : "sprite:iceandfire/dragon/green_4.png",
        "iceandfire:dragon_texture_green_4falsetruetruetruefalse" : "sprite:iceandfire/dragon/green_4.png",
        "iceandfire:dragon_texture_green_4falsetruetruefalsetrue" : "sprite:iceandfire/dragon/green_4.png",
        "iceandfire:dragon_texture_green_4falsetruetruefalsefalse" : "sprite:iceandfire/dragon/green_4.png",
        "iceandfire:dragon_texture_green_4falsetruefalsetruetrue" : "sprite:iceandfire/dragon/green_4.png",
        "iceandfire:dragon_texture_green_4falsetruefalsetruefalse" : "sprite:iceandfire/dragon/green_4.png",
        "iceandfire:dragon_texture_green_4falsetruefalsefalsetrue" : "sprite:iceandfire/dragon/green_4.png",
        "iceandfire:dragon_texture_green_4falsetruefalsefalsefalse" : "sprite:iceandfire/dragon/green_4.png",
        "iceandfire:dragon_texture_green_4falsefalsetruetruetrue" : "sprite:iceandfire/dragon/green_4.png",
        "iceandfire:dragon_texture_green_4falsefalsetruetruefalse" : "sprite:iceandfire/dragon/green_4.png",
        "iceandfire:dragon_texture_green_4falsefalsetruefalsetrue" : "sprite:iceandfire/dragon/green_4.png",
        "iceandfire:dragon_texture_green_4falsefalsetruefalsefalse" : "sprite:iceandfire/dragon/green_4.png",
        "iceandfire:dragon_texture_green_4falsefalsefalsetruetrue" : "sprite:iceandfire/dragon/green_4.png",
        "iceandfire:dragon_texture_green_4falsefalsefalsetruefalse" : "sprite:iceandfire/dragon/green_4.png",
        "iceandfire:dragon_texture_green_4falsefalsefalsefalsetrue" : "sprite:iceandfire/dragon/green_4.png",
        "iceandfire:dragon_texture_green_4falsefalsefalsefalsefalse" : "sprite:iceandfire/dragon/green_4.png",
        "iceandfire:dragon_texture_red_4truetruetruetruetrue" : "sprite:iceandfire/dragon/red_4.png",
        "iceandfire:dragon_texture_red_4truetruetruetruefalse" : "sprite:iceandfire/dragon/red_4.png",
        "iceandfire:dragon_texture_red_4truetruetruefalsetrue" : "sprite:iceandfire/dragon/red_4.png",
        "iceandfire:dragon_texture_red_4truetruetruefalsefalse" : "sprite:iceandfire/dragon/red_4.png",
        "iceandfire:dragon_texture_red_4truetruefalsetruetrue" : "sprite:iceandfire/dragon/red_4.png",
        "iceandfire:dragon_texture_red_4truetruefalsetruefalse" : "sprite:iceandfire/dragon/red_4.png",
        "iceandfire:dragon_texture_red_4truetruefalsefalsetrue" : "sprite:iceandfire/dragon/red_4.png",
        "iceandfire:dragon_texture_red_4truetruefalsefalsefalse" : "sprite:iceandfire/dragon/red_4.png",
        "iceandfire:dragon_texture_red_4truefalsetruetruetrue" : "sprite:iceandfire/dragon/red_4.png",
        "iceandfire:dragon_texture_red_4truefalsetruetruefalse" : "sprite:iceandfire/dragon/red_4.png",
        "iceandfire:dragon_texture_red_4truefalsetruefalsetrue" : "sprite:iceandfire/dragon/red_4.png",
        "iceandfire:dragon_texture_red_4truefalsetruefalsefalse" : "sprite:iceandfire/dragon/red_4.png",
        "iceandfire:dragon_texture_red_4truefalsefalsetruetrue" : "sprite:iceandfire/dragon/red_4.png",
        "iceandfire:dragon_texture_red_4truefalsefalsetruefalse" : "sprite:iceandfire/dragon/red_4.png",
        "iceandfire:dragon_texture_red_4truefalsefalsefalsetrue" : "sprite:iceandfire/dragon/red_4.png",
        "iceandfire:dragon_texture_red_4truefalsefalsefalsefalse" : "sprite:iceandfire/dragon/red_4.png",
        "iceandfire:dragon_texture_red_4falsetruetruetruetrue" : "sprite:iceandfire/dragon/red_4.png",
        "iceandfire:dragon_texture_red_4falsetruetruetruefalse" : "sprite:iceandfire/dragon/red_4.png",
        "iceandfire:dragon_texture_red_4falsetruetruefalsetrue" : "sprite:iceandfire/dragon/red_4.png",
        "iceandfire:dragon_texture_red_4falsetruetruefalsefalse" : "sprite:iceandfire/dragon/red_4.png",
        "iceandfire:dragon_texture_red_4falsetruefalsetruetrue" : "sprite:iceandfire/dragon/red_4.png",
        "iceandfire:dragon_texture_red_4falsetruefalsetruefalse" : "sprite:iceandfire/dragon/red_4.png",
        "iceandfire:dragon_texture_red_4falsetruefalsefalsetrue" : "sprite:iceandfire/dragon/red_4.png",
        "iceandfire:dragon_texture_red_4falsetruefalsefalsefalse" : "sprite:iceandfire/dragon/red_4.png",
        "iceandfire:dragon_texture_red_4falsefalsetruetruetrue" : "sprite:iceandfire/dragon/red_4.png",
        "iceandfire:dragon_texture_red_4falsefalsetruetruefalse" : "sprite:iceandfire/dragon/red_4.png",
        "iceandfire:dragon_texture_red_4falsefalsetruefalsetrue" : "sprite:iceandfire/dragon/red_4.png",
        "iceandfire:dragon_texture_red_4falsefalsetruefalsefalse" : "sprite:iceandfire/dragon/red_4.png",
        "iceandfire:dragon_texture_red_4falsefalsefalsetruetrue" : "sprite:iceandfire/dragon/red_4.png",
        "iceandfire:dragon_texture_red_4falsefalsefalsetruefalse" : "sprite:iceandfire/dragon/red_4.png",
        "iceandfire:dragon_texture_red_4falsefalsefalsefalsetrue" : "sprite:iceandfire/dragon/red_4.png",
        "iceandfire:dragon_texture_red_4falsefalsefalsefalsefalse" : "sprite:iceandfire/dragon/red_4.png",
        "iceandfire:dragon_texture_bronze_5truetruetruetruetrue" : "sprite:iceandfire/dragon/bronze_5.png",
        "iceandfire:dragon_texture_bronze_5truetruetruetruefalse" : "sprite:iceandfire/dragon/bronze_5.png",
        "iceandfire:dragon_texture_bronze_5truetruetruefalsetrue" : "sprite:iceandfire/dragon/bronze_5.png",
        "iceandfire:dragon_texture_bronze_5truetruetruefalsefalse" : "sprite:iceandfire/dragon/bronze_5.png",
        "iceandfire:dragon_texture_bronze_5truetruefalsetruetrue" : "sprite:iceandfire/dragon/bronze_5.png",
        "iceandfire:dragon_texture_bronze_5truetruefalsetruefalse" : "sprite:iceandfire/dragon/bronze_5.png",
        "iceandfire:dragon_texture_bronze_5truetruefalsefalsetrue" : "sprite:iceandfire/dragon/bronze_5.png",
        "iceandfire:dragon_texture_bronze_5truetruefalsefalsefalse" : "sprite:iceandfire/dragon/bronze_5.png",
        "iceandfire:dragon_texture_bronze_5truefalsetruetruetrue" : "sprite:iceandfire/dragon/bronze_5.png",
        "iceandfire:dragon_texture_bronze_5truefalsetruetruefalse" : "sprite:iceandfire/dragon/bronze_5.png",
        "iceandfire:dragon_texture_bronze_5truefalsetruefalsetrue" : "sprite:iceandfire/dragon/bronze_5.png",
        "iceandfire:dragon_texture_bronze_5truefalsetruefalsefalse" : "sprite:iceandfire/dragon/bronze_5.png",
        "iceandfire:dragon_texture_bronze_5truefalsefalsetruetrue" : "sprite:iceandfire/dragon/bronze_5.png",
        "iceandfire:dragon_texture_bronze_5truefalsefalsetruefalse" : "sprite:iceandfire/dragon/bronze_5.png",
        "iceandfire:dragon_texture_bronze_5truefalsefalsefalsetrue" : "sprite:iceandfire/dragon/bronze_5.png",
        "iceandfire:dragon_texture_bronze_5truefalsefalsefalsefalse" : "sprite:iceandfire/dragon/bronze_5.png",
        "iceandfire:dragon_texture_bronze_5falsetruetruetruetrue" : "sprite:iceandfire/dragon/bronze_5.png",
        "iceandfire:dragon_texture_bronze_5falsetruetruetruefalse" : "sprite:iceandfire/dragon/bronze_5.png",
        "iceandfire:dragon_texture_bronze_5falsetruetruefalsetrue" : "sprite:iceandfire/dragon/bronze_5.png",
        "iceandfire:dragon_texture_bronze_5falsetruetruefalsefalse" : "sprite:iceandfire/dragon/bronze_5.png",
        "iceandfire:dragon_texture_bronze_5falsetruefalsetruetrue" : "sprite:iceandfire/dragon/bronze_5.png",
        "iceandfire:dragon_texture_bronze_5falsetruefalsetruefalse" : "sprite:iceandfire/dragon/bronze_5.png",
        "iceandfire:dragon_texture_bronze_5falsetruefalsefalsetrue" : "sprite:iceandfire/dragon/bronze_5.png",
        "iceandfire:dragon_texture_bronze_5falsetruefalsefalsefalse" : "sprite:iceandfire/dragon/bronze_5.png",
        "iceandfire:dragon_texture_bronze_5falsefalsetruetruetrue" : "sprite:iceandfire/dragon/bronze_5.png",
        "iceandfire:dragon_texture_bronze_5falsefalsetruetruefalse" : "sprite:iceandfire/dragon/bronze_5.png",
        "iceandfire:dragon_texture_bronze_5falsefalsetruefalsetrue" : "sprite:iceandfire/dragon/bronze_5.png",
        "iceandfire:dragon_texture_bronze_5falsefalsetruefalsefalse" : "sprite:iceandfire/dragon/bronze_5.png",
        "iceandfire:dragon_texture_bronze_5falsefalsefalsetruetrue" : "sprite:iceandfire/dragon/bronze_5.png",
        "iceandfire:dragon_texture_bronze_5falsefalsefalsetruefalse" : "sprite:iceandfire/dragon/bronze_5.png",
        "iceandfire:dragon_texture_bronze_5falsefalsefalsefalsetrue" : "sprite:iceandfire/dragon/bronze_5.png",
        "iceandfire:dragon_texture_bronze_5falsefalsefalsefalsefalse" : "sprite:iceandfire/dragon/bronze_5.png",
        "iceandfire:dragon_texture_gray_5truetruetruetruetrue" : "sprite:iceandfire/dragon/gray_5.png",
        "iceandfire:dragon_texture_gray_5truetruetruetruefalse" : "sprite:iceandfire/dragon/gray_5.png",
        "iceandfire:dragon_texture_gray_5truetruetruefalsetrue" : "sprite:iceandfire/dragon/gray_5.png",
        "iceandfire:dragon_texture_gray_5truetruetruefalsefalse" : "sprite:iceandfire/dragon/gray_5.png",
        "iceandfire:dragon_texture_gray_5truetruefalsetruetrue" : "sprite:iceandfire/dragon/gray_5.png",
        "iceandfire:dragon_texture_gray_5truetruefalsetruefalse" : "sprite:iceandfire/dragon/gray_5.png",
        "iceandfire:dragon_texture_gray_5truetruefalsefalsetrue" : "sprite:iceandfire/dragon/gray_5.png",
        "iceandfire:dragon_texture_gray_5truetruefalsefalsefalse" : "sprite:iceandfire/dragon/gray_5.png",
        "iceandfire:dragon_texture_gray_5truefalsetruetruetrue" : "sprite:iceandfire/dragon/gray_5.png",
        "iceandfire:dragon_texture_gray_5truefalsetruetruefalse" : "sprite:iceandfire/dragon/gray_5.png",
        "iceandfire:dragon_texture_gray_5truefalsetruefalsetrue" : "sprite:iceandfire/dragon/gray_5.png",
        "iceandfire:dragon_texture_gray_5truefalsetruefalsefalse" : "sprite:iceandfire/dragon/gray_5.png",
        "iceandfire:dragon_texture_gray_5truefalsefalsetruetrue" : "sprite:iceandfire/dragon/gray_5.png",
        "iceandfire:dragon_texture_gray_5truefalsefalsetruefalse" : "sprite:iceandfire/dragon/gray_5.png",
        "iceandfire:dragon_texture_gray_5truefalsefalsefalsetrue" : "sprite:iceandfire/dragon/gray_5.png",
        "iceandfire:dragon_texture_gray_5truefalsefalsefalsefalse" : "sprite:iceandfire/dragon/gray_5.png",
        "iceandfire:dragon_texture_gray_5falsetruetruetruetrue" : "sprite:iceandfire/dragon/gray_5.png",
        "iceandfire:dragon_texture_gray_5falsetruetruetruefalse" : "sprite:iceandfire/dragon/gray_5.png",
        "iceandfire:dragon_texture_gray_5falsetruetruefalsetrue" : "sprite:iceandfire/dragon/gray_5.png",
        "iceandfire:dragon_texture_gray_5falsetruetruefalsefalse" : "sprite:iceandfire/dragon/gray_5.png",
        "iceandfire:dragon_texture_gray_5falsetruefalsetruetrue" : "sprite:iceandfire/dragon/gray_5.png",
        "iceandfire:dragon_texture_gray_5falsetruefalsetruefalse" : "sprite:iceandfire/dragon/gray_5.png",
        "iceandfire:dragon_texture_gray_5falsetruefalsefalsetrue" : "sprite:iceandfire/dragon/gray_5.png",
        "iceandfire:dragon_texture_gray_5falsetruefalsefalsefalse" : "sprite:iceandfire/dragon/gray_5.png",
        "iceandfire:dragon_texture_gray_5falsefalsetruetruetrue" : "sprite:iceandfire/dragon/gray_5.png",
        "iceandfire:dragon_texture_gray_5falsefalsetruetruefalse" : "sprite:iceandfire/dragon/gray_5.png",
        "iceandfire:dragon_texture_gray_5falsefalsetruefalsetrue" : "sprite:iceandfire/dragon/gray_5.png",
        "iceandfire:dragon_texture_gray_5falsefalsetruefalsefalse" : "sprite:iceandfire/dragon/gray_5.png",
        "iceandfire:dragon_texture_gray_5falsefalsefalsetruetrue" : "sprite:iceandfire/dragon/gray_5.png",
        "iceandfire:dragon_texture_gray_5falsefalsefalsetruefalse" : "sprite:iceandfire/dragon/gray_5.png",
        "iceandfire:dragon_texture_gray_5falsefalsefalsefalsetrue" : "sprite:iceandfire/dragon/gray_5.png",
        "iceandfire:dragon_texture_gray_5falsefalsefalsefalsefalse" : "sprite:iceandfire/dragon/gray_5.png",
        "iceandfire:dragon_texture_green_5truetruetruetruetrue" : "sprite:iceandfire/dragon/green_5.png",
        "iceandfire:dragon_texture_green_5truetruetruetruefalse" : "sprite:iceandfire/dragon/green_5.png",
        "iceandfire:dragon_texture_green_5truetruetruefalsetrue" : "sprite:iceandfire/dragon/green_5.png",
        "iceandfire:dragon_texture_green_5truetruetruefalsefalse" : "sprite:iceandfire/dragon/green_5.png",
        "iceandfire:dragon_texture_green_5truetruefalsetruetrue" : "sprite:iceandfire/dragon/green_5.png",
        "iceandfire:dragon_texture_green_5truetruefalsetruefalse" : "sprite:iceandfire/dragon/green_5.png",
        "iceandfire:dragon_texture_green_5truetruefalsefalsetrue" : "sprite:iceandfire/dragon/green_5.png",
        "iceandfire:dragon_texture_green_5truetruefalsefalsefalse" : "sprite:iceandfire/dragon/green_5.png",
        "iceandfire:dragon_texture_green_5truefalsetruetruetrue" : "sprite:iceandfire/dragon/green_5.png",
        "iceandfire:dragon_texture_green_5truefalsetruetruefalse" : "sprite:iceandfire/dragon/green_5.png",
        "iceandfire:dragon_texture_green_5truefalsetruefalsetrue" : "sprite:iceandfire/dragon/green_5.png",
        "iceandfire:dragon_texture_green_5truefalsetruefalsefalse" : "sprite:iceandfire/dragon/green_5.png",
        "iceandfire:dragon_texture_green_5truefalsefalsetruetrue" : "sprite:iceandfire/dragon/green_5.png",
        "iceandfire:dragon_texture_green_5truefalsefalsetruefalse" : "sprite:iceandfire/dragon/green_5.png",
        "iceandfire:dragon_texture_green_5truefalsefalsefalsetrue" : "sprite:iceandfire/dragon/green_5.png",
        "iceandfire:dragon_texture_green_5truefalsefalsefalsefalse" : "sprite:iceandfire/dragon/green_5.png",
        "iceandfire:dragon_texture_green_5falsetruetruetruetrue" : "sprite:iceandfire/dragon/green_5.png",
        "iceandfire:dragon_texture_green_5falsetruetruetruefalse" : "sprite:iceandfire/dragon/green_5.png",
        "iceandfire:dragon_texture_green_5falsetruetruefalsetrue" : "sprite:iceandfire/dragon/green_5.png",
        "iceandfire:dragon_texture_green_5falsetruetruefalsefalse" : "sprite:iceandfire/dragon/green_5.png",
        "iceandfire:dragon_texture_green_5falsetruefalsetruetrue" : "sprite:iceandfire/dragon/green_5.png",
        "iceandfire:dragon_texture_green_5falsetruefalsetruefalse" : "sprite:iceandfire/dragon/green_5.png",
        "iceandfire:dragon_texture_green_5falsetruefalsefalsetrue" : "sprite:iceandfire/dragon/green_5.png",
        "iceandfire:dragon_texture_green_5falsetruefalsefalsefalse" : "sprite:iceandfire/dragon/green_5.png",
        "iceandfire:dragon_texture_green_5falsefalsetruetruetrue" : "sprite:iceandfire/dragon/green_5.png",
        "iceandfire:dragon_texture_green_5falsefalsetruetruefalse" : "sprite:iceandfire/dragon/green_5.png",
        "iceandfire:dragon_texture_green_5falsefalsetruefalsetrue" : "sprite:iceandfire/dragon/green_5.png",
        "iceandfire:dragon_texture_green_5falsefalsetruefalsefalse" : "sprite:iceandfire/dragon/green_5.png",
        "iceandfire:dragon_texture_green_5falsefalsefalsetruetrue" : "sprite:iceandfire/dragon/green_5.png",
        "iceandfire:dragon_texture_green_5falsefalsefalsetruefalse" : "sprite:iceandfire/dragon/green_5.png",
        "iceandfire:dragon_texture_green_5falsefalsefalsefalsetrue" : "sprite:iceandfire/dragon/green_5.png",
        "iceandfire:dragon_texture_green_5falsefalsefalsefalsefalse" : "sprite:iceandfire/dragon/green_5.png",
        "iceandfire:dragon_texture_red_5truetruetruetruetrue" : "sprite:iceandfire/dragon/red_5.png",
        "iceandfire:dragon_texture_red_5truetruetruetruefalse" : "sprite:iceandfire/dragon/red_5.png",
        "iceandfire:dragon_texture_red_5truetruetruefalsetrue" : "sprite:iceandfire/dragon/red_5.png",
        "iceandfire:dragon_texture_red_5truetruetruefalsefalse" : "sprite:iceandfire/dragon/red_5.png",
        "iceandfire:dragon_texture_red_5truetruefalsetruetrue" : "sprite:iceandfire/dragon/red_5.png",
        "iceandfire:dragon_texture_red_5truetruefalsetruefalse" : "sprite:iceandfire/dragon/red_5.png",
        "iceandfire:dragon_texture_red_5truetruefalsefalsetrue" : "sprite:iceandfire/dragon/red_5.png",
        "iceandfire:dragon_texture_red_5truetruefalsefalsefalse" : "sprite:iceandfire/dragon/red_5.png",
        "iceandfire:dragon_texture_red_5truefalsetruetruetrue" : "sprite:iceandfire/dragon/red_5.png",
        "iceandfire:dragon_texture_red_5truefalsetruetruefalse" : "sprite:iceandfire/dragon/red_5.png",
        "iceandfire:dragon_texture_red_5truefalsetruefalsetrue" : "sprite:iceandfire/dragon/red_5.png",
        "iceandfire:dragon_texture_red_5truefalsetruefalsefalse" : "sprite:iceandfire/dragon/red_5.png",
        "iceandfire:dragon_texture_red_5truefalsefalsetruetrue" : "sprite:iceandfire/dragon/red_5.png",
        "iceandfire:dragon_texture_red_5truefalsefalsetruefalse" : "sprite:iceandfire/dragon/red_5.png",
        "iceandfire:dragon_texture_red_5truefalsefalsefalsetrue" : "sprite:iceandfire/dragon/red_5.png",
        "iceandfire:dragon_texture_red_5truefalsefalsefalsefalse" : "sprite:iceandfire/dragon/red_5.png",
        "iceandfire:dragon_texture_red_5falsetruetruetruetrue" : "sprite:iceandfire/dragon/red_5.png",
        "iceandfire:dragon_texture_red_5falsetruetruetruefalse" : "sprite:iceandfire/dragon/red_5.png",
        "iceandfire:dragon_texture_red_5falsetruetruefalsetrue" : "sprite:iceandfire/dragon/red_5.png",
        "iceandfire:dragon_texture_red_5falsetruetruefalsefalse" : "sprite:iceandfire/dragon/red_5.png",
        "iceandfire:dragon_texture_red_5falsetruefalsetruetrue" : "sprite:iceandfire/dragon/red_5.png",
        "iceandfire:dragon_texture_red_5falsetruefalsetruefalse" : "sprite:iceandfire/dragon/red_5.png",
        "iceandfire:dragon_texture_red_5falsetruefalsefalsetrue" : "sprite:iceandfire/dragon/red_5.png",
        "iceandfire:dragon_texture_red_5falsetruefalsefalsefalse" : "sprite:iceandfire/dragon/red_5.png",
        "iceandfire:dragon_texture_red_5falsefalsetruetruetrue" : "sprite:iceandfire/dragon/red_5.png",
        "iceandfire:dragon_texture_red_5falsefalsetruetruefalse" : "sprite:iceandfire/dragon/red_5.png",
        "iceandfire:dragon_texture_red_5falsefalsetruefalsetrue" : "sprite:iceandfire/dragon/red_5.png",
        "iceandfire:dragon_texture_red_5falsefalsetruefalsefalse" : "sprite:iceandfire/dragon/red_5.png",
        "iceandfire:dragon_texture_red_5falsefalsefalsetruetrue" : "sprite:iceandfire/dragon/red_5.png",
        "iceandfire:dragon_texture_red_5falsefalsefalsetruefalse" : "sprite:iceandfire/dragon/red_5.png",
        "iceandfire:dragon_texture_red_5falsefalsefalsefalsetrue" : "sprite:iceandfire/dragon/red_5.png",
        "iceandfire:dragon_texture_red_5falsefalsefalsefalsefalse" : "sprite:iceandfire/dragon/red_5.png"
	}
}