{
    "variants" : {
        "iceandfire:dragon_texture_blue_1truetruetruetruetrue" : "sprite:iceandfire/dragon/blue_1.png",
        "iceandfire:dragon_texture_blue_1truetruetruetruefalse" : "sprite:iceandfire/dragon/blue_1.png",
        "iceandfire:dragon_texture_blue_1truetruetruefalsetrue" : "sprite:iceandfire/dragon/blue_1.png",
        "iceandfire:dragon_texture_blue_1truetruetruefalsefalse" : "sprite:iceandfire/dragon/blue_1.png",
        "iceandfire:dragon_texture_blue_1truetruefalsetruetrue" : "sprite:iceandfire/dragon/blue_1.png",
        "iceandfire:dragon_texture_blue_1truetruefalsetruefalse" : "sprite:iceandfire/dragon/blue_1.png",
        "iceandfire:dragon_texture_blue_1truetruefalsefalsetrue" : "sprite:iceandfire/dragon/blue_1.png",
        "iceandfire:dragon_texture_blue_1truetruefalsefalsefalse" : "sprite:iceandfire/dragon/blue_1.png",
        "iceandfire:dragon_texture_blue_1truefalsetruetruetrue" : "sprite:iceandfire/dragon/blue_1.png",
        "iceandfire:dragon_texture_blue_1truefalsetruetruefalse" : "sprite:iceandfire/dragon/blue_1.png",
        "iceandfire:dragon_texture_blue_1truefalsetruefalsetrue" : "sprite:iceandfire/dragon/blue_1.png",
        "iceandfire:dragon_texture_blue_1truefalsetruefalsefalse" : "sprite:iceandfire/dragon/blue_1.png",
        "iceandfire:dragon_texture_blue_1truefalsefalsetruetrue" : "sprite:iceandfire/dragon/blue_1.png",
        "iceandfire:dragon_texture_blue_1truefalsefalsetruefalse" : "sprite:iceandfire/dragon/blue_1.png",
        "iceandfire:dragon_texture_blue_1truefalsefalsefalsetrue" : "sprite:iceandfire/dragon/blue_1.png",
        "iceandfire:dragon_texture_blue_1truefalsefalsefalsefalse" : "sprite:iceandfire/dragon/blue_1.png",
        "iceandfire:dragon_texture_blue_1falsetruetruetruetrue" : "sprite:iceandfire/dragon/blue_1.png",
        "iceandfire:dragon_texture_blue_1falsetruetruetruefalse" : "sprite:iceandfire/dragon/blue_1.png",
        "iceandfire:dragon_texture_blue_1falsetruetruefalsetrue" : "sprite:iceandfire/dragon/blue_1.png",
        "iceandfire:dragon_texture_blue_1falsetruetruefalsefalse" : "sprite:iceandfire/dragon/blue_1.png",
        "iceandfire:dragon_texture_blue_1falsetruefalsetruetrue" : "sprite:iceandfire/dragon/blue_1.png",
        "iceandfire:dragon_texture_blue_1falsetruefalsetruefalse" : "sprite:iceandfire/dragon/blue_1.png",
        "iceandfire:dragon_texture_blue_1falsetruefalsefalsetrue" : "sprite:iceandfire/dragon/blue_1.png",
        "iceandfire:dragon_texture_blue_1falsetruefalsefalsefalse" : "sprite:iceandfire/dragon/blue_1.png",
        "iceandfire:dragon_texture_blue_1falsefalsetruetruetrue" : "sprite:iceandfire/dragon/blue_1.png",
        "iceandfire:dragon_texture_blue_1falsefalsetruetruefalse" : "sprite:iceandfire/dragon/blue_1.png",
        "iceandfire:dragon_texture_blue_1falsefalsetruefalsetrue" : "sprite:iceandfire/dragon/blue_1.png",
        "iceandfire:dragon_texture_blue_1falsefalsetruefalsefalse" : "sprite:iceandfire/dragon/blue_1.png",
        "iceandfire:dragon_texture_blue_1falsefalsefalsetruetrue" : "sprite:iceandfire/dragon/blue_1.png",
        "iceandfire:dragon_texture_blue_1falsefalsefalsetruefalse" : "sprite:iceandfire/dragon/blue_1.png",
        "iceandfire:dragon_texture_blue_1falsefalsefalsefalsetrue" : "sprite:iceandfire/dragon/blue_1.png",
        "iceandfire:dragon_texture_blue_1falsefalsefalsefalsefalse" : "sprite:iceandfire/dragon/blue_1.png",
        "iceandfire:dragon_texture_sapphire_1truetruetruetruetrue" : "sprite:iceandfire/dragon/sapphire_1.png",
        "iceandfire:dragon_texture_sapphire_1truetruetruetruefalse" : "sprite:iceandfire/dragon/sapphire_1.png",
        "iceandfire:dragon_texture_sapphire_1truetruetruefalsetrue" : "sprite:iceandfire/dragon/sapphire_1.png",
        "iceandfire:dragon_texture_sapphire_1truetruetruefalsefalse" : "sprite:iceandfire/dragon/sapphire_1.png",
        "iceandfire:dragon_texture_sapphire_1truetruefalsetruetrue" : "sprite:iceandfire/dragon/sapphire_1.png",
        "iceandfire:dragon_texture_sapphire_1truetruefalsetruefalse" : "sprite:iceandfire/dragon/sapphire_1.png",
        "iceandfire:dragon_texture_sapphire_1truetruefalsefalsetrue" : "sprite:iceandfire/dragon/sapphire_1.png",
        "iceandfire:dragon_texture_sapphire_1truetruefalsefalsefalse" : "sprite:iceandfire/dragon/sapphire_1.png",
        "iceandfire:dragon_texture_sapphire_1truefalsetruetruetrue" : "sprite:iceandfire/dragon/sapphire_1.png",
        "iceandfire:dragon_texture_sapphire_1truefalsetruetruefalse" : "sprite:iceandfire/dragon/sapphire_1.png",
        "iceandfire:dragon_texture_sapphire_1truefalsetruefalsetrue" : "sprite:iceandfire/dragon/sapphire_1.png",
        "iceandfire:dragon_texture_sapphire_1truefalsetruefalsefalse" : "sprite:iceandfire/dragon/sapphire_1.png",
        "iceandfire:dragon_texture_sapphire_1truefalsefalsetruetrue" : "sprite:iceandfire/dragon/sapphire_1.png",
        "iceandfire:dragon_texture_sapphire_1truefalsefalsetruefalse" : "sprite:iceandfire/dragon/sapphire_1.png",
        "iceandfire:dragon_texture_sapphire_1truefalsefalsefalsetrue" : "sprite:iceandfire/dragon/sapphire_1.png",
        "iceandfire:dragon_texture_sapphire_1truefalsefalsefalsefalse" : "sprite:iceandfire/dragon/sapphire_1.png",
        "iceandfire:dragon_texture_sapphire_1falsetruetruetruetrue" : "sprite:iceandfire/dragon/sapphire_1.png",
        "iceandfire:dragon_texture_sapphire_1falsetruetruetruefalse" : "sprite:iceandfire/dragon/sapphire_1.png",
        "iceandfire:dragon_texture_sapphire_1falsetruetruefalsetrue" : "sprite:iceandfire/dragon/sapphire_1.png",
        "iceandfire:dragon_texture_sapphire_1falsetruetruefalsefalse" : "sprite:iceandfire/dragon/sapphire_1.png",
        "iceandfire:dragon_texture_sapphire_1falsetruefalsetruetrue" : "sprite:iceandfire/dragon/sapphire_1.png",
        "iceandfire:dragon_texture_sapphire_1falsetruefalsetruefalse" : "sprite:iceandfire/dragon/sapphire_1.png",
        "iceandfire:dragon_texture_sapphire_1falsetruefalsefalsetrue" : "sprite:iceandfire/dragon/sapphire_1.png",
        "iceandfire:dragon_texture_sapphire_1falsetruefalsefalsefalse" : "sprite:iceandfire/dragon/sapphire_1.png",
        "iceandfire:dragon_texture_sapphire_1falsefalsetruetruetrue" : "sprite:iceandfire/dragon/sapphire_1.png",
        "iceandfire:dragon_texture_sapphire_1falsefalsetruetruefalse" : "sprite:iceandfire/dragon/sapphire_1.png",
        "iceandfire:dragon_texture_sapphire_1falsefalsetruefalsetrue" : "sprite:iceandfire/dragon/sapphire_1.png",
        "iceandfire:dragon_texture_sapphire_1falsefalsetruefalsefalse" : "sprite:iceandfire/dragon/sapphire_1.png",
        "iceandfire:dragon_texture_sapphire_1falsefalsefalsetruetrue" : "sprite:iceandfire/dragon/sapphire_1.png",
        "iceandfire:dragon_texture_sapphire_1falsefalsefalsetruefalse" : "sprite:iceandfire/dragon/sapphire_1.png",
        "iceandfire:dragon_texture_sapphire_1falsefalsefalsefalsetrue" : "sprite:iceandfire/dragon/sapphire_1.png",
        "iceandfire:dragon_texture_sapphire_1falsefalsefalsefalsefalse" : "sprite:iceandfire/dragon/sapphire_1.png",
        "iceandfire:dragon_texture_silver_1truetruetruetruetrue" : "sprite:iceandfire/dragon/silver_1.png",
        "iceandfire:dragon_texture_silver_1truetruetruetruefalse" : "sprite:iceandfire/dragon/silver_1.png",
        "iceandfire:dragon_texture_silver_1truetruetruefalsetrue" : "sprite:iceandfire/dragon/silver_1.png",
        "iceandfire:dragon_texture_silver_1truetruetruefalsefalse" : "sprite:iceandfire/dragon/silver_1.png",
        "iceandfire:dragon_texture_silver_1truetruefalsetruetrue" : "sprite:iceandfire/dragon/silver_1.png",
        "iceandfire:dragon_texture_silver_1truetruefalsetruefalse" : "sprite:iceandfire/dragon/silver_1.png",
        "iceandfire:dragon_texture_silver_1truetruefalsefalsetrue" : "sprite:iceandfire/dragon/silver_1.png",
        "iceandfire:dragon_texture_silver_1truetruefalsefalsefalse" : "sprite:iceandfire/dragon/silver_1.png",
        "iceandfire:dragon_texture_silver_1truefalsetruetruetrue" : "sprite:iceandfire/dragon/silver_1.png",
        "iceandfire:dragon_texture_silver_1truefalsetruetruefalse" : "sprite:iceandfire/dragon/silver_1.png",
        "iceandfire:dragon_texture_silver_1truefalsetruefalsetrue" : "sprite:iceandfire/dragon/silver_1.png",
        "iceandfire:dragon_texture_silver_1truefalsetruefalsefalse" : "sprite:iceandfire/dragon/silver_1.png",
        "iceandfire:dragon_texture_silver_1truefalsefalsetruetrue" : "sprite:iceandfire/dragon/silver_1.png",
        "iceandfire:dragon_texture_silver_1truefalsefalsetruefalse" : "sprite:iceandfire/dragon/silver_1.png",
        "iceandfire:dragon_texture_silver_1truefalsefalsefalsetrue" : "sprite:iceandfire/dragon/silver_1.png",
        "iceandfire:dragon_texture_silver_1truefalsefalsefalsefalse" : "sprite:iceandfire/dragon/silver_1.png",
        "iceandfire:dragon_texture_silver_1falsetruetruetruetrue" : "sprite:iceandfire/dragon/silver_1.png",
        "iceandfire:dragon_texture_silver_1falsetruetruetruefalse" : "sprite:iceandfire/dragon/silver_1.png",
        "iceandfire:dragon_texture_silver_1falsetruetruefalsetrue" : "sprite:iceandfire/dragon/silver_1.png",
        "iceandfire:dragon_texture_silver_1falsetruetruefalsefalse" : "sprite:iceandfire/dragon/silver_1.png",
        "iceandfire:dragon_texture_silver_1falsetruefalsetruetrue" : "sprite:iceandfire/dragon/silver_1.png",
        "iceandfire:dragon_texture_silver_1falsetruefalsetruefalse" : "sprite:iceandfire/dragon/silver_1.png",
        "iceandfire:dragon_texture_silver_1falsetruefalsefalsetrue" : "sprite:iceandfire/dragon/silver_1.png",
        "iceandfire:dragon_texture_silver_1falsetruefalsefalsefalse" : "sprite:iceandfire/dragon/silver_1.png",
        "iceandfire:dragon_texture_silver_1falsefalsetruetruetrue" : "sprite:iceandfire/dragon/silver_1.png",
        "iceandfire:dragon_texture_silver_1falsefalsetruetruefalse" : "sprite:iceandfire/dragon/silver_1.png",
        "iceandfire:dragon_texture_silver_1falsefalsetruefalsetrue" : "sprite:iceandfire/dragon/silver_1.png",
        "iceandfire:dragon_texture_silver_1falsefalsetruefalsefalse" : "sprite:iceandfire/dragon/silver_1.png",
        "iceandfire:dragon_texture_silver_1falsefalsefalsetruetrue" : "sprite:iceandfire/dragon/silver_1.png",
        "iceandfire:dragon_texture_silver_1falsefalsefalsetruefalse" : "sprite:iceandfire/dragon/silver_1.png",
        "iceandfire:dragon_texture_silver_1falsefalsefalsefalsetrue" : "sprite:iceandfire/dragon/silver_1.png",
        "iceandfire:dragon_texture_silver_1falsefalsefalsefalsefalse" : "sprite:iceandfire/dragon/silver_1.png",
        "iceandfire:dragon_texture_white_1truetruetruetruetrue" : "sprite:iceandfire/dragon/white_1.png",
        "iceandfire:dragon_texture_white_1truetruetruetruefalse" : "sprite:iceandfire/dragon/white_1.png",
        "iceandfire:dragon_texture_white_1truetruetruefalsetrue" : "sprite:iceandfire/dragon/white_1.png",
        "iceandfire:dragon_texture_white_1truetruetruefalsefalse" : "sprite:iceandfire/dragon/white_1.png",
        "iceandfire:dragon_texture_white_1truetruefalsetruetrue" : "sprite:iceandfire/dragon/white_1.png",
        "iceandfire:dragon_texture_white_1truetruefalsetruefalse" : "sprite:iceandfire/dragon/white_1.png",
        "iceandfire:dragon_texture_white_1truetruefalsefalsetrue" : "sprite:iceandfire/dragon/white_1.png",
        "iceandfire:dragon_texture_white_1truetruefalsefalsefalse" : "sprite:iceandfire/dragon/white_1.png",
        "iceandfire:dragon_texture_white_1truefalsetruetruetrue" : "sprite:iceandfire/dragon/white_1.png",
        "iceandfire:dragon_texture_white_1truefalsetruetruefalse" : "sprite:iceandfire/dragon/white_1.png",
        "iceandfire:dragon_texture_white_1truefalsetruefalsetrue" : "sprite:iceandfire/dragon/white_1.png",
        "iceandfire:dragon_texture_white_1truefalsetruefalsefalse" : "sprite:iceandfire/dragon/white_1.png",
        "iceandfire:dragon_texture_white_1truefalsefalsetruetrue" : "sprite:iceandfire/dragon/white_1.png",
        "iceandfire:dragon_texture_white_1truefalsefalsetruefalse" : "sprite:iceandfire/dragon/white_1.png",
        "iceandfire:dragon_texture_white_1truefalsefalsefalsetrue" : "sprite:iceandfire/dragon/white_1.png",
        "iceandfire:dragon_texture_white_1truefalsefalsefalsefalse" : "sprite:iceandfire/dragon/white_1.png",
        "iceandfire:dragon_texture_white_1falsetruetruetruetrue" : "sprite:iceandfire/dragon/white_1.png",
        "iceandfire:dragon_texture_white_1falsetruetruetruefalse" : "sprite:iceandfire/dragon/white_1.png",
        "iceandfire:dragon_texture_white_1falsetruetruefalsetrue" : "sprite:iceandfire/dragon/white_1.png",
        "iceandfire:dragon_texture_white_1falsetruetruefalsefalse" : "sprite:iceandfire/dragon/white_1.png",
        "iceandfire:dragon_texture_white_1falsetruefalsetruetrue" : "sprite:iceandfire/dragon/white_1.png",
        "iceandfire:dragon_texture_white_1falsetruefalsetruefalse" : "sprite:iceandfire/dragon/white_1.png",
        "iceandfire:dragon_texture_white_1falsetruefalsefalsetrue" : "sprite:iceandfire/dragon/white_1.png",
        "iceandfire:dragon_texture_white_1falsetruefalsefalsefalse" : "sprite:iceandfire/dragon/white_1.png",
        "iceandfire:dragon_texture_white_1falsefalsetruetruetrue" : "sprite:iceandfire/dragon/white_1.png",
        "iceandfire:dragon_texture_white_1falsefalsetruetruefalse" : "sprite:iceandfire/dragon/white_1.png",
        "iceandfire:dragon_texture_white_1falsefalsetruefalsetrue" : "sprite:iceandfire/dragon/white_1.png",
        "iceandfire:dragon_texture_white_1falsefalsetruefalsefalse" : "sprite:iceandfire/dragon/white_1.png",
        "iceandfire:dragon_texture_white_1falsefalsefalsetruetrue" : "sprite:iceandfire/dragon/white_1.png",
        "iceandfire:dragon_texture_white_1falsefalsefalsetruefalse" : "sprite:iceandfire/dragon/white_1.png",
        "iceandfire:dragon_texture_white_1falsefalsefalsefalsetrue" : "sprite:iceandfire/dragon/white_1.png",
        "iceandfire:dragon_texture_white_1falsefalsefalsefalsefalse" : "sprite:iceandfire/dragon/white_1.png",
        "iceandfire:dragon_texture_blue_2truetruetruetruetrue" : "sprite:iceandfire/dragon/blue_2.png",
        "iceandfire:dragon_texture_blue_2truetruetruetruefalse" : "sprite:iceandfire/dragon/blue_2.png",
        "iceandfire:dragon_texture_blue_2truetruetruefalsetrue" : "sprite:iceandfire/dragon/blue_2.png",
        "iceandfire:dragon_texture_blue_2truetruetruefalsefalse" : "sprite:iceandfire/dragon/blue_2.png",
        "iceandfire:dragon_texture_blue_2truetruefalsetruetrue" : "sprite:iceandfire/dragon/blue_2.png",
        "iceandfire:dragon_texture_blue_2truetruefalsetruefalse" : "sprite:iceandfire/dragon/blue_2.png",
        "iceandfire:dragon_texture_blue_2truetruefalsefalsetrue" : "sprite:iceandfire/dragon/blue_2.png",
        "iceandfire:dragon_texture_blue_2truetruefalsefalsefalse" : "sprite:iceandfire/dragon/blue_2.png",
        "iceandfire:dragon_texture_blue_2truefalsetruetruetrue" : "sprite:iceandfire/dragon/blue_2.png",
        "iceandfire:dragon_texture_blue_2truefalsetruetruefalse" : "sprite:iceandfire/dragon/blue_2.png",
        "iceandfire:dragon_texture_blue_2truefalsetruefalsetrue" : "sprite:iceandfire/dragon/blue_2.png",
        "iceandfire:dragon_texture_blue_2truefalsetruefalsefalse" : "sprite:iceandfire/dragon/blue_2.png",
        "iceandfire:dragon_texture_blue_2truefalsefalsetruetrue" : "sprite:iceandfire/dragon/blue_2.png",
        "iceandfire:dragon_texture_blue_2truefalsefalsetruefalse" : "sprite:iceandfire/dragon/blue_2.png",
        "iceandfire:dragon_texture_blue_2truefalsefalsefalsetrue" : "sprite:iceandfire/dragon/blue_2.png",
        "iceandfire:dragon_texture_blue_2truefalsefalsefalsefalse" : "sprite:iceandfire/dragon/blue_2.png",
        "iceandfire:dragon_texture_blue_2falsetruetruetruetrue" : "sprite:iceandfire/dragon/blue_2.png",
        "iceandfire:dragon_texture_blue_2falsetruetruetruefalse" : "sprite:iceandfire/dragon/blue_2.png",
        "iceandfire:dragon_texture_blue_2falsetruetruefalsetrue" : "sprite:iceandfire/dragon/blue_2.png",
        "iceandfire:dragon_texture_blue_2falsetruetruefalsefalse" : "sprite:iceandfire/dragon/blue_2.png",
        "iceandfire:dragon_texture_blue_2falsetruefalsetruetrue" : "sprite:iceandfire/dragon/blue_2.png",
        "iceandfire:dragon_texture_blue_2falsetruefalsetruefalse" : "sprite:iceandfire/dragon/blue_2.png",
        "iceandfire:dragon_texture_blue_2falsetruefalsefalsetrue" : "sprite:iceandfire/dragon/blue_2.png",
        "iceandfire:dragon_texture_blue_2falsetruefalsefalsefalse" : "sprite:iceandfire/dragon/blue_2.png",
        "iceandfire:dragon_texture_blue_2falsefalsetruetruetrue" : "sprite:iceandfire/dragon/blue_2.png",
        "iceandfire:dragon_texture_blue_2falsefalsetruetruefalse" : "sprite:iceandfire/dragon/blue_2.png",
        "iceandfire:dragon_texture_blue_2falsefalsetruefalsetrue" : "sprite:iceandfire/dragon/blue_2.png",
        "iceandfire:dragon_texture_blue_2falsefalsetruefalsefalse" : "sprite:iceandfire/dragon/blue_2.png",
        "iceandfire:dragon_texture_blue_2falsefalsefalsetruetrue" : "sprite:iceandfire/dragon/blue_2.png",
        "iceandfire:dragon_texture_blue_2falsefalsefalsetruefalse" : "sprite:iceandfire/dragon/blue_2.png",
        "iceandfire:dragon_texture_blue_2falsefalsefalsefalsetrue" : "sprite:iceandfire/dragon/blue_2.png",
        "iceandfire:dragon_texture_blue_2falsefalsefalsefalsefalse" : "sprite:iceandfire/dragon/blue_2.png",
        "iceandfire:dragon_texture_sapphire_2truetruetruetruetrue" : "sprite:iceandfire/dragon/sapphire_2.png",
        "iceandfire:dragon_texture_sapphire_2truetruetruetruefalse" : "sprite:iceandfire/dragon/sapphire_2.png",
        "iceandfire:dragon_texture_sapphire_2truetruetruefalsetrue" : "sprite:iceandfire/dragon/sapphire_2.png",
        "iceandfire:dragon_texture_sapphire_2truetruetruefalsefalse" : "sprite:iceandfire/dragon/sapphire_2.png",
        "iceandfire:dragon_texture_sapphire_2truetruefalsetruetrue" : "sprite:iceandfire/dragon/sapphire_2.png",
        "iceandfire:dragon_texture_sapphire_2truetruefalsetruefalse" : "sprite:iceandfire/dragon/sapphire_2.png",
        "iceandfire:dragon_texture_sapphire_2truetruefalsefalsetrue" : "sprite:iceandfire/dragon/sapphire_2.png",
        "iceandfire:dragon_texture_sapphire_2truetruefalsefalsefalse" : "sprite:iceandfire/dragon/sapphire_2.png",
        "iceandfire:dragon_texture_sapphire_2truefalsetruetruetrue" : "sprite:iceandfire/dragon/sapphire_2.png",
        "iceandfire:dragon_texture_sapphire_2truefalsetruetruefalse" : "sprite:iceandfire/dragon/sapphire_2.png",
        "iceandfire:dragon_texture_sapphire_2truefalsetruefalsetrue" : "sprite:iceandfire/dragon/sapphire_2.png",
        "iceandfire:dragon_texture_sapphire_2truefalsetruefalsefalse" : "sprite:iceandfire/dragon/sapphire_2.png",
        "iceandfire:dragon_texture_sapphire_2truefalsefalsetruetrue" : "sprite:iceandfire/dragon/sapphire_2.png",
        "iceandfire:dragon_texture_sapphire_2truefalsefalsetruefalse" : "sprite:iceandfire/dragon/sapphire_2.png",
        "iceandfire:dragon_texture_sapphire_2truefalsefalsefalsetrue" : "sprite:iceandfire/dragon/sapphire_2.png",
        "iceandfire:dragon_texture_sapphire_2truefalsefalsefalsefalse" : "sprite:iceandfire/dragon/sapphire_2.png",
        "iceandfire:dragon_texture_sapphire_2falsetruetruetruetrue" : "sprite:iceandfire/dragon/sapphire_2.png",
        "iceandfire:dragon_texture_sapphire_2falsetruetruetruefalse" : "sprite:iceandfire/dragon/sapphire_2.png",
        "iceandfire:dragon_texture_sapphire_2falsetruetruefalsetrue" : "sprite:iceandfire/dragon/sapphire_2.png",
        "iceandfire:dragon_texture_sapphire_2falsetruetruefalsefalse" : "sprite:iceandfire/dragon/sapphire_2.png",
        "iceandfire:dragon_texture_sapphire_2falsetruefalsetruetrue" : "sprite:iceandfire/dragon/sapphire_2.png",
        "iceandfire:dragon_texture_sapphire_2falsetruefalsetruefalse" : "sprite:iceandfire/dragon/sapphire_2.png",
        "iceandfire:dragon_texture_sapphire_2falsetruefalsefalsetrue" : "sprite:iceandfire/dragon/sapphire_2.png",
        "iceandfire:dragon_texture_sapphire_2falsetruefalsefalsefalse" : "sprite:iceandfire/dragon/sapphire_2.png",
        "iceandfire:dragon_texture_sapphire_2falsefalsetruetruetrue" : "sprite:iceandfire/dragon/sapphire_2.png",
        "iceandfire:dragon_texture_sapphire_2falsefalsetruetruefalse" : "sprite:iceandfire/dragon/sapphire_2.png",
        "iceandfire:dragon_texture_sapphire_2falsefalsetruefalsetrue" : "sprite:iceandfire/dragon/sapphire_2.png",
        "iceandfire:dragon_texture_sapphire_2falsefalsetruefalsefalse" : "sprite:iceandfire/dragon/sapphire_2.png",
        "iceandfire:dragon_texture_sapphire_2falsefalsefalsetruetrue" : "sprite:iceandfire/dragon/sapphire_2.png",
        "iceandfire:dragon_texture_sapphire_2falsefalsefalsetruefalse" : "sprite:iceandfire/dragon/sapphire_2.png",
        "iceandfire:dragon_texture_sapphire_2falsefalsefalsefalsetrue" : "sprite:iceandfire/dragon/sapphire_2.png",
        "iceandfire:dragon_texture_sapphire_2falsefalsefalsefalsefalse" : "sprite:iceandfire/dragon/sapphire_2.png",
        "iceandfire:dragon_texture_silver_2truetruetruetruetrue" : "sprite:iceandfire/dragon/silver_2.png",
        "iceandfire:dragon_texture_silver_2truetruetruetruefalse" : "sprite:iceandfire/dragon/silver_2.png",
        "iceandfire:dragon_texture_silver_2truetruetruefalsetrue" : "sprite:iceandfire/dragon/silver_2.png",
        "iceandfire:dragon_texture_silver_2truetruetruefalsefalse" : "sprite:iceandfire/dragon/silver_2.png",
        "iceandfire:dragon_texture_silver_2truetruefalsetruetrue" : "sprite:iceandfire/dragon/silver_2.png",
        "iceandfire:dragon_texture_silver_2truetruefalsetruefalse" : "sprite:iceandfire/dragon/silver_2.png",
        "iceandfire:dragon_texture_silver_2truetruefalsefalsetrue" : "sprite:iceandfire/dragon/silver_2.png",
        "iceandfire:dragon_texture_silver_2truetruefalsefalsefalse" : "sprite:iceandfire/dragon/silver_2.png",
        "iceandfire:dragon_texture_silver_2truefalsetruetruetrue" : "sprite:iceandfire/dragon/silver_2.png",
        "iceandfire:dragon_texture_silver_2truefalsetruetruefalse" : "sprite:iceandfire/dragon/silver_2.png",
        "iceandfire:dragon_texture_silver_2truefalsetruefalsetrue" : "sprite:iceandfire/dragon/silver_2.png",
        "iceandfire:dragon_texture_silver_2truefalsetruefalsefalse" : "sprite:iceandfire/dragon/silver_2.png",
        "iceandfire:dragon_texture_silver_2truefalsefalsetruetrue" : "sprite:iceandfire/dragon/silver_2.png",
        "iceandfire:dragon_texture_silver_2truefalsefalsetruefalse" : "sprite:iceandfire/dragon/silver_2.png",
        "iceandfire:dragon_texture_silver_2truefalsefalsefalsetrue" : "sprite:iceandfire/dragon/silver_2.png",
        "iceandfire:dragon_texture_silver_2truefalsefalsefalsefalse" : "sprite:iceandfire/dragon/silver_2.png",
        "iceandfire:dragon_texture_silver_2falsetruetruetruetrue" : "sprite:iceandfire/dragon/silver_2.png",
        "iceandfire:dragon_texture_silver_2falsetruetruetruefalse" : "sprite:iceandfire/dragon/silver_2.png",
        "iceandfire:dragon_texture_silver_2falsetruetruefalsetrue" : "sprite:iceandfire/dragon/silver_2.png",
        "iceandfire:dragon_texture_silver_2falsetruetruefalsefalse" : "sprite:iceandfire/dragon/silver_2.png",
        "iceandfire:dragon_texture_silver_2falsetruefalsetruetrue" : "sprite:iceandfire/dragon/silver_2.png",
        "iceandfire:dragon_texture_silver_2falsetruefalsetruefalse" : "sprite:iceandfire/dragon/silver_2.png",
        "iceandfire:dragon_texture_silver_2falsetruefalsefalsetrue" : "sprite:iceandfire/dragon/silver_2.png",
        "iceandfire:dragon_texture_silver_2falsetruefalsefalsefalse" : "sprite:iceandfire/dragon/silver_2.png",
        "iceandfire:dragon_texture_silver_2falsefalsetruetruetrue" : "sprite:iceandfire/dragon/silver_2.png",
        "iceandfire:dragon_texture_silver_2falsefalsetruetruefalse" : "sprite:iceandfire/dragon/silver_2.png",
        "iceandfire:dragon_texture_silver_2falsefalsetruefalsetrue" : "sprite:iceandfire/dragon/silver_2.png",
        "iceandfire:dragon_texture_silver_2falsefalsetruefalsefalse" : "sprite:iceandfire/dragon/silver_2.png",
        "iceandfire:dragon_texture_silver_2falsefalsefalsetruetrue" : "sprite:iceandfire/dragon/silver_2.png",
        "iceandfire:dragon_texture_silver_2falsefalsefalsetruefalse" : "sprite:iceandfire/dragon/silver_2.png",
        "iceandfire:dragon_texture_silver_2falsefalsefalsefalsetrue" : "sprite:iceandfire/dragon/silver_2.png",
        "iceandfire:dragon_texture_silver_2falsefalsefalsefalsefalse" : "sprite:iceandfire/dragon/silver_2.png",
        "iceandfire:dragon_texture_white_2truetruetruetruetrue" : "sprite:iceandfire/dragon/white_2.png",
        "iceandfire:dragon_texture_white_2truetruetruetruefalse" : "sprite:iceandfire/dragon/white_2.png",
        "iceandfire:dragon_texture_white_2truetruetruefalsetrue" : "sprite:iceandfire/dragon/white_2.png",
        "iceandfire:dragon_texture_white_2truetruetruefalsefalse" : "sprite:iceandfire/dragon/white_2.png",
        "iceandfire:dragon_texture_white_2truetruefalsetruetrue" : "sprite:iceandfire/dragon/white_2.png",
        "iceandfire:dragon_texture_white_2truetruefalsetruefalse" : "sprite:iceandfire/dragon/white_2.png",
        "iceandfire:dragon_texture_white_2truetruefalsefalsetrue" : "sprite:iceandfire/dragon/white_2.png",
        "iceandfire:dragon_texture_white_2truetruefalsefalsefalse" : "sprite:iceandfire/dragon/white_2.png",
        "iceandfire:dragon_texture_white_2truefalsetruetruetrue" : "sprite:iceandfire/dragon/white_2.png",
        "iceandfire:dragon_texture_white_2truefalsetruetruefalse" : "sprite:iceandfire/dragon/white_2.png",
        "iceandfire:dragon_texture_white_2truefalsetruefalsetrue" : "sprite:iceandfire/dragon/white_2.png",
        "iceandfire:dragon_texture_white_2truefalsetruefalsefalse" : "sprite:iceandfire/dragon/white_2.png",
        "iceandfire:dragon_texture_white_2truefalsefalsetruetrue" : "sprite:iceandfire/dragon/white_2.png",
        "iceandfire:dragon_texture_white_2truefalsefalsetruefalse" : "sprite:iceandfire/dragon/white_2.png",
        "iceandfire:dragon_texture_white_2truefalsefalsefalsetrue" : "sprite:iceandfire/dragon/white_2.png",
        "iceandfire:dragon_texture_white_2truefalsefalsefalsefalse" : "sprite:iceandfire/dragon/white_2.png",
        "iceandfire:dragon_texture_white_2falsetruetruetruetrue" : "sprite:iceandfire/dragon/white_2.png",
        "iceandfire:dragon_texture_white_2falsetruetruetruefalse" : "sprite:iceandfire/dragon/white_2.png",
        "iceandfire:dragon_texture_white_2falsetruetruefalsetrue" : "sprite:iceandfire/dragon/white_2.png",
        "iceandfire:dragon_texture_white_2falsetruetruefalsefalse" : "sprite:iceandfire/dragon/white_2.png",
        "iceandfire:dragon_texture_white_2falsetruefalsetruetrue" : "sprite:iceandfire/dragon/white_2.png",
        "iceandfire:dragon_texture_white_2falsetruefalsetruefalse" : "sprite:iceandfire/dragon/white_2.png",
        "iceandfire:dragon_texture_white_2falsetruefalsefalsetrue" : "sprite:iceandfire/dragon/white_2.png",
        "iceandfire:dragon_texture_white_2falsetruefalsefalsefalse" : "sprite:iceandfire/dragon/white_2.png",
        "iceandfire:dragon_texture_white_2falsefalsetruetruetrue" : "sprite:iceandfire/dragon/white_2.png",
        "iceandfire:dragon_texture_white_2falsefalsetruetruefalse" : "sprite:iceandfire/dragon/white_2.png",
        "iceandfire:dragon_texture_white_2falsefalsetruefalsetrue" : "sprite:iceandfire/dragon/white_2.png",
        "iceandfire:dragon_texture_white_2falsefalsetruefalsefalse" : "sprite:iceandfire/dragon/white_2.png",
        "iceandfire:dragon_texture_white_2falsefalsefalsetruetrue" : "sprite:iceandfire/dragon/white_2.png",
        "iceandfire:dragon_texture_white_2falsefalsefalsetruefalse" : "sprite:iceandfire/dragon/white_2.png",
        "iceandfire:dragon_texture_white_2falsefalsefalsefalsetrue" : "sprite:iceandfire/dragon/white_2.png",
        "iceandfire:dragon_texture_white_2falsefalsefalsefalsefalse" : "sprite:iceandfire/dragon/white_2.png",
        "iceandfire:dragon_texture_blue_3truetruetruetruefalse" : "sprite:iceandfire/dragon/blue_3.png",
        "iceandfire:dragon_texture_blue_3truetruetruefalsetrue" : "sprite:iceandfire/dragon/blue_3.png",
        "iceandfire:dragon_texture_blue_3truetruetruefalsefalse" : "sprite:iceandfire/dragon/blue_3.png",
        "iceandfire:dragon_texture_blue_3truetruefalsetruetrue" : "sprite:iceandfire/dragon/blue_3.png",
        "iceandfire:dragon_texture_blue_3truetruefalsetruefalse" : "sprite:iceandfire/dragon/blue_3.png",
        "iceandfire:dragon_texture_blue_3truetruefalsefalsetrue" : "sprite:iceandfire/dragon/blue_3.png",
        "iceandfire:dragon_texture_blue_3truetruefalsefalsefalse" : "sprite:iceandfire/dragon/blue_3.png",
        "iceandfire:dragon_texture_blue_3truefalsetruetruetrue" : "sprite:iceandfire/dragon/blue_3.png",
        "iceandfire:dragon_texture_blue_3truefalsetruetruefalse" : "sprite:iceandfire/dragon/blue_3.png",
        "iceandfire:dragon_texture_blue_3truefalsetruefalsetrue" : "sprite:iceandfire/dragon/blue_3.png",
        "iceandfire:dragon_texture_blue_3truefalsetruefalsefalse" : "sprite:iceandfire/dragon/blue_3.png",
        "iceandfire:dragon_texture_blue_3truefalsefalsetruetrue" : "sprite:iceandfire/dragon/blue_3.png",
        "iceandfire:dragon_texture_blue_3truefalsefalsetruefalse" : "sprite:iceandfire/dragon/blue_3.png",
        "iceandfire:dragon_texture_blue_3truefalsefalsefalsetrue" : "sprite:iceandfire/dragon/blue_3.png",
        "iceandfire:dragon_texture_blue_3truefalsefalsefalsefalse" : "sprite:iceandfire/dragon/blue_3.png",
        "iceandfire:dragon_texture_blue_3falsetruetruetruetrue" : "sprite:iceandfire/dragon/blue_3.png",
        "iceandfire:dragon_texture_blue_3falsetruetruetruefalse" : "sprite:iceandfire/dragon/blue_3.png",
        "iceandfire:dragon_texture_blue_3falsetruetruefalsetrue" : "sprite:iceandfire/dragon/blue_3.png",
        "iceandfire:dragon_texture_blue_3falsetruetruefalsefalse" : "sprite:iceandfire/dragon/blue_3.png",
        "iceandfire:dragon_texture_blue_3falsetruefalsetruetrue" : "sprite:iceandfire/dragon/blue_3.png",
        "iceandfire:dragon_texture_blue_3falsetruefalsetruefalse" : "sprite:iceandfire/dragon/blue_3.png",
        "iceandfire:dragon_texture_blue_3falsetruefalsefalsetrue" : "sprite:iceandfire/dragon/blue_3.png",
        "iceandfire:dragon_texture_blue_3falsetruefalsefalsefalse" : "sprite:iceandfire/dragon/blue_3.png",
        "iceandfire:dragon_texture_blue_3falsefalsetruetruetrue" : "sprite:iceandfire/dragon/blue_3.png",
        "iceandfire:dragon_texture_blue_3falsefalsetruetruefalse" : "sprite:iceandfire/dragon/blue_3.png",
        "iceandfire:dragon_texture_blue_3falsefalsetruefalsetrue" : "sprite:iceandfire/dragon/blue_3.png",
        "iceandfire:dragon_texture_blue_3falsefalsetruefalsefalse" : "sprite:iceandfire/dragon/blue_3.png",
        "iceandfire:dragon_texture_blue_3falsefalsefalsetruetrue" : "sprite:iceandfire/dragon/blue_3.png",
        "iceandfire:dragon_texture_blue_3falsefalsefalsetruefalse" : "sprite:iceandfire/dragon/blue_3.png",
        "iceandfire:dragon_texture_blue_3falsefalsefalsefalsetrue" : "sprite:iceandfire/dragon/blue_3.png",
        "iceandfire:dragon_texture_blue_3falsefalsefalsefalsefalse" : "sprite:iceandfire/dragon/blue_3.png",
        "iceandfire:dragon_texture_sapphire_3truetruetruetruetrue" : "sprite:iceandfire/dragon/sapphire_3.png",
        "iceandfire:dragon_texture_sapphire_3truetruetruetruefalse" : "sprite:iceandfire/dragon/sapphire_3.png",
        "iceandfire:dragon_texture_sapphire_3truetruetruefalsetrue" : "sprite:iceandfire/dragon/sapphire_3.png",
        "iceandfire:dragon_texture_sapphire_3truetruetruefalsefalse" : "sprite:iceandfire/dragon/sapphire_3.png",
        "iceandfire:dragon_texture_sapphire_3truetruefalsetruetrue" : "sprite:iceandfire/dragon/sapphire_3.png",
        "iceandfire:dragon_texture_sapphire_3truetruefalsetruefalse" : "sprite:iceandfire/dragon/sapphire_3.png",
        "iceandfire:dragon_texture_sapphire_3truetruefalsefalsetrue" : "sprite:iceandfire/dragon/sapphire_3.png",
        "iceandfire:dragon_texture_sapphire_3truetruefalsefalsefalse" : "sprite:iceandfire/dragon/sapphire_3.png",
        "iceandfire:dragon_texture_sapphire_3truefalsetruetruetrue" : "sprite:iceandfire/dragon/sapphire_3.png",
        "iceandfire:dragon_texture_sapphire_3truefalsetruetruefalse" : "sprite:iceandfire/dragon/sapphire_3.png",
        "iceandfire:dragon_texture_sapphire_3truefalsetruefalsetrue" : "sprite:iceandfire/dragon/sapphire_3.png",
        "iceandfire:dragon_texture_sapphire_3truefalsetruefalsefalse" : "sprite:iceandfire/dragon/sapphire_3.png",
        "iceandfire:dragon_texture_sapphire_3truefalsefalsetruetrue" : "sprite:iceandfire/dragon/sapphire_3.png",
        "iceandfire:dragon_texture_sapphire_3truefalsefalsetruefalse" : "sprite:iceandfire/dragon/sapphire_3.png",
        "iceandfire:dragon_texture_sapphire_3truefalsefalsefalsetrue" : "sprite:iceandfire/dragon/sapphire_3.png",
        "iceandfire:dragon_texture_sapphire_3truefalsefalsefalsefalse" : "sprite:iceandfire/dragon/sapphire_3.png",
        "iceandfire:dragon_texture_sapphire_3falsetruetruetruetrue" : "sprite:iceandfire/dragon/sapphire_3.png",
        "iceandfire:dragon_texture_sapphire_3falsetruetruetruefalse" : "sprite:iceandfire/dragon/sapphire_3.png",
        "iceandfire:dragon_texture_sapphire_3falsetruetruefalsetrue" : "sprite:iceandfire/dragon/sapphire_3.png",
        "iceandfire:dragon_texture_sapphire_3falsetruetruefalsefalse" : "sprite:iceandfire/dragon/sapphire_3.png",
        "iceandfire:dragon_texture_sapphire_3falsetruefalsetruetrue" : "sprite:iceandfire/dragon/sapphire_3.png",
        "iceandfire:dragon_texture_sapphire_3falsetruefalsetruefalse" : "sprite:iceandfire/dragon/sapphire_3.png",
        "iceandfire:dragon_texture_sapphire_3falsetruefalsefalsetrue" : "sprite:iceandfire/dragon/sapphire_3.png",
        "iceandfire:dragon_texture_sapphire_3falsetruefalsefalsefalse" : "sprite:iceandfire/dragon/sapphire_3.png",
        "iceandfire:dragon_texture_sapphire_3falsefalsetruetruetrue" : "sprite:iceandfire/dragon/sapphire_3.png",
        "iceandfire:dragon_texture_sapphire_3falsefalsetruetruefalse" : "sprite:iceandfire/dragon/sapphire_3.png",
        "iceandfire:dragon_texture_sapphire_3falsefalsetruefalsetrue" : "sprite:iceandfire/dragon/sapphire_3.png",
        "iceandfire:dragon_texture_sapphire_3falsefalsetruefalsefalse" : "sprite:iceandfire/dragon/sapphire_3.png",
        "iceandfire:dragon_texture_sapphire_3falsefalsefalsetruetrue" : "sprite:iceandfire/dragon/sapphire_3.png",
        "iceandfire:dragon_texture_sapphire_3falsefalsefalsetruefalse" : "sprite:iceandfire/dragon/sapphire_3.png",
        "iceandfire:dragon_texture_sapphire_3falsefalsefalsefalsetrue" : "sprite:iceandfire/dragon/sapphire_3.png",
        "iceandfire:dragon_texture_sapphire_3falsefalsefalsefalsefalse" : "sprite:iceandfire/dragon/sapphire_3.png",
        "iceandfire:dragon_texture_silver_3truetruetruetruetrue" : "sprite:iceandfire/dragon/silver_3.png",
        "iceandfire:dragon_texture_silver_3truetruetruetruefalse" : "sprite:iceandfire/dragon/silver_3.png",
        "iceandfire:dragon_texture_silver_3truetruetruefalsetrue" : "sprite:iceandfire/dragon/silver_3.png",
        "iceandfire:dragon_texture_silver_3truetruetruefalsefalse" : "sprite:iceandfire/dragon/silver_3.png",
        "iceandfire:dragon_texture_silver_3truetruefalsetruetrue" : "sprite:iceandfire/dragon/silver_3.png",
        "iceandfire:dragon_texture_silver_3truetruefalsetruefalse" : "sprite:iceandfire/dragon/silver_3.png",
        "iceandfire:dragon_texture_silver_3truetruefalsefalsetrue" : "sprite:iceandfire/dragon/silver_3.png",
        "iceandfire:dragon_texture_silver_3truetruefalsefalsefalse" : "sprite:iceandfire/dragon/silver_3.png",
        "iceandfire:dragon_texture_silver_3truefalsetruetruetrue" : "sprite:iceandfire/dragon/silver_3.png",
        "iceandfire:dragon_texture_silver_3truefalsetruetruefalse" : "sprite:iceandfire/dragon/silver_3.png",
        "iceandfire:dragon_texture_silver_3truefalsetruefalsetrue" : "sprite:iceandfire/dragon/silver_3.png",
        "iceandfire:dragon_texture_silver_3truefalsetruefalsefalse" : "sprite:iceandfire/dragon/silver_3.png",
        "iceandfire:dragon_texture_silver_3truefalsefalsetruetrue" : "sprite:iceandfire/dragon/silver_3.png",
        "iceandfire:dragon_texture_silver_3truefalsefalsetruefalse" : "sprite:iceandfire/dragon/silver_3.png",
        "iceandfire:dragon_texture_silver_3truefalsefalsefalsetrue" : "sprite:iceandfire/dragon/silver_3.png",
        "iceandfire:dragon_texture_silver_3truefalsefalsefalsefalse" : "sprite:iceandfire/dragon/silver_3.png",
        "iceandfire:dragon_texture_silver_3falsetruetruetruetrue" : "sprite:iceandfire/dragon/silver_3.png",
        "iceandfire:dragon_texture_silver_3falsetruetruetruefalse" : "sprite:iceandfire/dragon/silver_3.png",
        "iceandfire:dragon_texture_silver_3falsetruetruefalsetrue" : "sprite:iceandfire/dragon/silver_3.png",
        "iceandfire:dragon_texture_silver_3falsetruetruefalsefalse" : "sprite:iceandfire/dragon/silver_3.png",
        "iceandfire:dragon_texture_silver_3falsetruefalsetruetrue" : "sprite:iceandfire/dragon/silver_3.png",
        "iceandfire:dragon_texture_silver_3falsetruefalsetruefalse" : "sprite:iceandfire/dragon/silver_3.png",
        "iceandfire:dragon_texture_silver_3falsetruefalsefalsetrue" : "sprite:iceandfire/dragon/silver_3.png",
        "iceandfire:dragon_texture_silver_3falsetruefalsefalsefalse" : "sprite:iceandfire/dragon/silver_3.png",
        "iceandfire:dragon_texture_silver_3falsefalsetruetruetrue" : "sprite:iceandfire/dragon/silver_3.png",
        "iceandfire:dragon_texture_silver_3falsefalsetruetruefalse" : "sprite:iceandfire/dragon/silver_3.png",
        "iceandfire:dragon_texture_silver_3falsefalsetruefalsetrue" : "sprite:iceandfire/dragon/silver_3.png",
        "iceandfire:dragon_texture_silver_3falsefalsetruefalsefalse" : "sprite:iceandfire/dragon/silver_3.png",
        "iceandfire:dragon_texture_silver_3falsefalsefalsetruetrue" : "sprite:iceandfire/dragon/silver_3.png",
        "iceandfire:dragon_texture_silver_3falsefalsefalsetruefalse" : "sprite:iceandfire/dragon/silver_3.png",
        "iceandfire:dragon_texture_silver_3falsefalsefalsefalsetrue" : "sprite:iceandfire/dragon/silver_3.png",
        "iceandfire:dragon_texture_silver_3falsefalsefalsefalsefalse" : "sprite:iceandfire/dragon/silver_3.png",
        "iceandfire:dragon_texture_white_3truetruetruetruetrue" : "sprite:iceandfire/dragon/white_3.png",
        "iceandfire:dragon_texture_white_3truetruetruetruefalse" : "sprite:iceandfire/dragon/white_3.png",
        "iceandfire:dragon_texture_white_3truetruetruefalsetrue" : "sprite:iceandfire/dragon/white_3.png",
        "iceandfire:dragon_texture_white_3truetruetruefalsefalse" : "sprite:iceandfire/dragon/white_3.png",
        "iceandfire:dragon_texture_white_3truetruefalsetruetrue" : "sprite:iceandfire/dragon/white_3.png",
        "iceandfire:dragon_texture_white_3truetruefalsetruefalse" : "sprite:iceandfire/dragon/white_3.png",
        "iceandfire:dragon_texture_white_3truetruefalsefalsetrue" : "sprite:iceandfire/dragon/white_3.png",
        "iceandfire:dragon_texture_white_3truetruefalsefalsefalse" : "sprite:iceandfire/dragon/white_3.png",
        "iceandfire:dragon_texture_white_3truefalsetruetruetrue" : "sprite:iceandfire/dragon/white_3.png",
        "iceandfire:dragon_texture_white_3truefalsetruetruefalse" : "sprite:iceandfire/dragon/white_3.png",
        "iceandfire:dragon_texture_white_3truefalsetruefalsetrue" : "sprite:iceandfire/dragon/white_3.png",
        "iceandfire:dragon_texture_white_3truefalsetruefalsefalse" : "sprite:iceandfire/dragon/white_3.png",
        "iceandfire:dragon_texture_white_3truefalsefalsetruetrue" : "sprite:iceandfire/dragon/white_3.png",
        "iceandfire:dragon_texture_white_3truefalsefalsetruefalse" : "sprite:iceandfire/dragon/white_3.png",
        "iceandfire:dragon_texture_white_3truefalsefalsefalsetrue" : "sprite:iceandfire/dragon/white_3.png",
        "iceandfire:dragon_texture_white_3truefalsefalsefalsefalse" : "sprite:iceandfire/dragon/white_3.png",
        "iceandfire:dragon_texture_white_3falsetruetruetruetrue" : "sprite:iceandfire/dragon/white_3.png",
        "iceandfire:dragon_texture_white_3falsetruetruetruefalse" : "sprite:iceandfire/dragon/white_3.png",
        "iceandfire:dragon_texture_white_3falsetruetruefalsetrue" : "sprite:iceandfire/dragon/white_3.png",
        "iceandfire:dragon_texture_white_3falsetruetruefalsefalse" : "sprite:iceandfire/dragon/white_3.png",
        "iceandfire:dragon_texture_white_3falsetruefalsetruetrue" : "sprite:iceandfire/dragon/white_3.png",
        "iceandfire:dragon_texture_white_3falsetruefalsetruefalse" : "sprite:iceandfire/dragon/white_3.png",
        "iceandfire:dragon_texture_white_3falsetruefalsefalsetrue" : "sprite:iceandfire/dragon/white_3.png",
        "iceandfire:dragon_texture_white_3falsetruefalsefalsefalse" : "sprite:iceandfire/dragon/white_3.png",
        "iceandfire:dragon_texture_white_3falsefalsetruetruetrue" : "sprite:iceandfire/dragon/white_3.png",
        "iceandfire:dragon_texture_white_3falsefalsetruetruefalse" : "sprite:iceandfire/dragon/white_3.png",
        "iceandfire:dragon_texture_white_3falsefalsetruefalsetrue" : "sprite:iceandfire/dragon/white_3.png",
        "iceandfire:dragon_texture_white_3falsefalsetruefalsefalse" : "sprite:iceandfire/dragon/white_3.png",
        "iceandfire:dragon_texture_white_3falsefalsefalsetruetrue" : "sprite:iceandfire/dragon/white_3.png",
        "iceandfire:dragon_texture_white_3falsefalsefalsetruefalse" : "sprite:iceandfire/dragon/white_3.png",
        "iceandfire:dragon_texture_white_3falsefalsefalsefalsetrue" : "sprite:iceandfire/dragon/white_3.png",
        "iceandfire:dragon_texture_white_3falsefalsefalsefalsefalse" : "sprite:iceandfire/dragon/white_3.png",
        "iceandfire:dragon_texture_blue_4truetruetruetruetrue" : "sprite:iceandfire/dragon/blue_4.png",
        "iceandfire:dragon_texture_blue_4truetruetruetruefalse" : "sprite:iceandfire/dragon/blue_4.png",
        "iceandfire:dragon_texture_blue_4truetruetruefalsetrue" : "sprite:iceandfire/dragon/blue_4.png",
        "iceandfire:dragon_texture_blue_4truetruetruefalsefalse" : "sprite:iceandfire/dragon/blue_4.png",
        "iceandfire:dragon_texture_blue_4truetruefalsetruetrue" : "sprite:iceandfire/dragon/blue_4.png",
        "iceandfire:dragon_texture_blue_4truetruefalsetruefalse" : "sprite:iceandfire/dragon/blue_4.png",
        "iceandfire:dragon_texture_blue_4truetruefalsefalsetrue" : "sprite:iceandfire/dragon/blue_4.png",
        "iceandfire:dragon_texture_blue_4truetruefalsefalsefalse" : "sprite:iceandfire/dragon/blue_4.png",
        "iceandfire:dragon_texture_blue_4truefalsetruetruetrue" : "sprite:iceandfire/dragon/blue_4.png",
        "iceandfire:dragon_texture_blue_4truefalsetruetruefalse" : "sprite:iceandfire/dragon/blue_4.png",
        "iceandfire:dragon_texture_blue_4truefalsetruefalsetrue" : "sprite:iceandfire/dragon/blue_4.png",
        "iceandfire:dragon_texture_blue_4truefalsetruefalsefalse" : "sprite:iceandfire/dragon/blue_4.png",
        "iceandfire:dragon_texture_blue_4truefalsefalsetruetrue" : "sprite:iceandfire/dragon/blue_4.png",
        "iceandfire:dragon_texture_blue_4truefalsefalsetruefalse" : "sprite:iceandfire/dragon/blue_4.png",
        "iceandfire:dragon_texture_blue_4truefalsefalsefalsetrue" : "sprite:iceandfire/dragon/blue_4.png",
        "iceandfire:dragon_texture_blue_4truefalsefalsefalsefalse" : "sprite:iceandfire/dragon/blue_4.png",
        "iceandfire:dragon_texture_blue_4falsetruetruetruetrue" : "sprite:iceandfire/dragon/blue_4.png",
        "iceandfire:dragon_texture_blue_4falsetruetruetruefalse" : "sprite:iceandfire/dragon/blue_4.png",
        "iceandfire:dragon_texture_blue_4falsetruetruefalsetrue" : "sprite:iceandfire/dragon/blue_4.png",
        "iceandfire:dragon_texture_blue_4falsetruetruefalsefalse" : "sprite:iceandfire/dragon/blue_4.png",
        "iceandfire:dragon_texture_blue_4falsetruefalsetruetrue" : "sprite:iceandfire/dragon/blue_4.png",
        "iceandfire:dragon_texture_blue_4falsetruefalsetruefalse" : "sprite:iceandfire/dragon/blue_4.png",
        "iceandfire:dragon_texture_blue_4falsetruefalsefalsetrue" : "sprite:iceandfire/dragon/blue_4.png",
        "iceandfire:dragon_texture_blue_4falsetruefalsefalsefalse" : "sprite:iceandfire/dragon/blue_4.png",
        "iceandfire:dragon_texture_blue_4falsefalsetruetruetrue" : "sprite:iceandfire/dragon/blue_4.png",
        "iceandfire:dragon_texture_blue_4falsefalsetruetruefalse" : "sprite:iceandfire/dragon/blue_4.png",
        "iceandfire:dragon_texture_blue_4falsefalsetruefalsetrue" : "sprite:iceandfire/dragon/blue_4.png",
        "iceandfire:dragon_texture_blue_4falsefalsetruefalsefalse" : "sprite:iceandfire/dragon/blue_4.png",
        "iceandfire:dragon_texture_blue_4falsefalsefalsetruetrue" : "sprite:iceandfire/dragon/blue_4.png",
        "iceandfire:dragon_texture_blue_4falsefalsefalsetruefalse" : "sprite:iceandfire/dragon/blue_4.png",
        "iceandfire:dragon_texture_blue_4falsefalsefalsefalsetrue" : "sprite:iceandfire/dragon/blue_4.png",
        "iceandfire:dragon_texture_blue_4falsefalsefalsefalsefalse" : "sprite:iceandfire/dragon/blue_4.png",
        "iceandfire:dragon_texture_sapphire_4truetruetruetruetrue" : "sprite:iceandfire/dragon/sapphire_4.png",
        "iceandfire:dragon_texture_sapphire_4truetruetruetruefalse" : "sprite:iceandfire/dragon/sapphire_4.png",
        "iceandfire:dragon_texture_sapphire_4truetruetruefalsetrue" : "sprite:iceandfire/dragon/sapphire_4.png",
        "iceandfire:dragon_texture_sapphire_4truetruetruefalsefalse" : "sprite:iceandfire/dragon/sapphire_4.png",
        "iceandfire:dragon_texture_sapphire_4truetruefalsetruetrue" : "sprite:iceandfire/dragon/sapphire_4.png",
        "iceandfire:dragon_texture_sapphire_4truetruefalsetruefalse" : "sprite:iceandfire/dragon/sapphire_4.png",
        "iceandfire:dragon_texture_sapphire_4truetruefalsefalsetrue" : "sprite:iceandfire/dragon/sapphire_4.png",
        "iceandfire:dragon_texture_sapphire_4truetruefalsefalsefalse" : "sprite:iceandfire/dragon/sapphire_4.png",
        "iceandfire:dragon_texture_sapphire_4truefalsetruetruetrue" : "sprite:iceandfire/dragon/sapphire_4.png",
        "iceandfire:dragon_texture_sapphire_4truefalsetruetruefalse" : "sprite:iceandfire/dragon/sapphire_4.png",
        "iceandfire:dragon_texture_sapphire_4truefalsetruefalsetrue" : "sprite:iceandfire/dragon/sapphire_4.png",
        "iceandfire:dragon_texture_sapphire_4truefalsetruefalsefalse" : "sprite:iceandfire/dragon/sapphire_4.png",
        "iceandfire:dragon_texture_sapphire_4truefalsefalsetruetrue" : "sprite:iceandfire/dragon/sapphire_4.png",
        "iceandfire:dragon_texture_sapphire_4truefalsefalsetruefalse" : "sprite:iceandfire/dragon/sapphire_4.png",
        "iceandfire:dragon_texture_sapphire_4truefalsefalsefalsetrue" : "sprite:iceandfire/dragon/sapphire_4.png",
        "iceandfire:dragon_texture_sapphire_4truefalsefalsefalsefalse" : "sprite:iceandfire/dragon/sapphire_4.png",
        "iceandfire:dragon_texture_sapphire_4falsetruetruetruetrue" : "sprite:iceandfire/dragon/sapphire_4.png",
        "iceandfire:dragon_texture_sapphire_4falsetruetruetruefalse" : "sprite:iceandfire/dragon/sapphire_4.png",
        "iceandfire:dragon_texture_sapphire_4falsetruetruefalsetrue" : "sprite:iceandfire/dragon/sapphire_4.png",
        "iceandfire:dragon_texture_sapphire_4falsetruetruefalsefalse" : "sprite:iceandfire/dragon/sapphire_4.png",
        "iceandfire:dragon_texture_sapphire_4falsetruefalsetruetrue" : "sprite:iceandfire/dragon/sapphire_4.png",
        "iceandfire:dragon_texture_sapphire_4falsetruefalsetruefalse" : "sprite:iceandfire/dragon/sapphire_4.png",
        "iceandfire:dragon_texture_sapphire_4falsetruefalsefalsetrue" : "sprite:iceandfire/dragon/sapphire_4.png",
        "iceandfire:dragon_texture_sapphire_4falsetruefalsefalsefalse" : "sprite:iceandfire/dragon/sapphire_4.png",
        "iceandfire:dragon_texture_sapphire_4falsefalsetruetruetrue" : "sprite:iceandfire/dragon/sapphire_4.png",
        "iceandfire:dragon_texture_sapphire_4falsefalsetruetruefalse" : "sprite:iceandfire/dragon/sapphire_4.png",
        "iceandfire:dragon_texture_sapphire_4falsefalsetruefalsetrue" : "sprite:iceandfire/dragon/sapphire_4.png",
        "iceandfire:dragon_texture_sapphire_4falsefalsetruefalsefalse" : "sprite:iceandfire/dragon/sapphire_4.png",
        "iceandfire:dragon_texture_sapphire_4falsefalsefalsetruetrue" : "sprite:iceandfire/dragon/sapphire_4.png",
        "iceandfire:dragon_texture_sapphire_4falsefalsefalsetruefalse" : "sprite:iceandfire/dragon/sapphire_4.png",
        "iceandfire:dragon_texture_sapphire_4falsefalsefalsefalsetrue" : "sprite:iceandfire/dragon/sapphire_4.png",
        "iceandfire:dragon_texture_sapphire_4falsefalsefalsefalsefalse" : "sprite:iceandfire/dragon/sapphire_4.png",
        "iceandfire:dragon_texture_silver_4truetruetruetruetrue" : "sprite:iceandfire/dragon/silver_4.png",
        "iceandfire:dragon_texture_silver_4truetruetruetruefalse" : "sprite:iceandfire/dragon/silver_4.png",
        "iceandfire:dragon_texture_silver_4truetruetruefalsetrue" : "sprite:iceandfire/dragon/silver_4.png",
        "iceandfire:dragon_texture_silver_4truetruetruefalsefalse" : "sprite:iceandfire/dragon/silver_4.png",
        "iceandfire:dragon_texture_silver_4truetruefalsetruetrue" : "sprite:iceandfire/dragon/silver_4.png",
        "iceandfire:dragon_texture_silver_4truetruefalsetruefalse" : "sprite:iceandfire/dragon/silver_4.png",
        "iceandfire:dragon_texture_silver_4truetruefalsefalsetrue" : "sprite:iceandfire/dragon/silver_4.png",
        "iceandfire:dragon_texture_silver_4truetruefalsefalsefalse" : "sprite:iceandfire/dragon/silver_4.png",
        "iceandfire:dragon_texture_silver_4truefalsetruetruetrue" : "sprite:iceandfire/dragon/silver_4.png",
        "iceandfire:dragon_texture_silver_4truefalsetruetruefalse" : "sprite:iceandfire/dragon/silver_4.png",
        "iceandfire:dragon_texture_silver_4truefalsetruefalsetrue" : "sprite:iceandfire/dragon/silver_4.png",
        "iceandfire:dragon_texture_silver_4truefalsetruefalsefalse" : "sprite:iceandfire/dragon/silver_4.png",
        "iceandfire:dragon_texture_silver_4truefalsefalsetruetrue" : "sprite:iceandfire/dragon/silver_4.png",
        "iceandfire:dragon_texture_silver_4truefalsefalsetruefalse" : "sprite:iceandfire/dragon/silver_4.png",
        "iceandfire:dragon_texture_silver_4truefalsefalsefalsetrue" : "sprite:iceandfire/dragon/silver_4.png",
        "iceandfire:dragon_texture_silver_4truefalsefalsefalsefalse" : "sprite:iceandfire/dragon/silver_4.png",
        "iceandfire:dragon_texture_silver_4falsetruetruetruetrue" : "sprite:iceandfire/dragon/silver_4.png",
        "iceandfire:dragon_texture_silver_4falsetruetruetruefalse" : "sprite:iceandfire/dragon/silver_4.png",
        "iceandfire:dragon_texture_silver_4falsetruetruefalsetrue" : "sprite:iceandfire/dragon/silver_4.png",
        "iceandfire:dragon_texture_silver_4falsetruetruefalsefalse" : "sprite:iceandfire/dragon/silver_4.png",
        "iceandfire:dragon_texture_silver_4falsetruefalsetruetrue" : "sprite:iceandfire/dragon/silver_4.png",
        "iceandfire:dragon_texture_silver_4falsetruefalsetruefalse" : "sprite:iceandfire/dragon/silver_4.png",
        "iceandfire:dragon_texture_silver_4falsetruefalsefalsetrue" : "sprite:iceandfire/dragon/silver_4.png",
        "iceandfire:dragon_texture_silver_4falsetruefalsefalsefalse" : "sprite:iceandfire/dragon/silver_4.png",
        "iceandfire:dragon_texture_silver_4falsefalsetruetruetrue" : "sprite:iceandfire/dragon/silver_4.png",
        "iceandfire:dragon_texture_silver_4falsefalsetruetruefalse" : "sprite:iceandfire/dragon/silver_4.png",
        "iceandfire:dragon_texture_silver_4falsefalsetruefalsetrue" : "sprite:iceandfire/dragon/silver_4.png",
        "iceandfire:dragon_texture_silver_4falsefalsetruefalsefalse" : "sprite:iceandfire/dragon/silver_4.png",
        "iceandfire:dragon_texture_silver_4falsefalsefalsetruetrue" : "sprite:iceandfire/dragon/silver_4.png",
        "iceandfire:dragon_texture_silver_4falsefalsefalsetruefalse" : "sprite:iceandfire/dragon/silver_4.png",
        "iceandfire:dragon_texture_silver_4falsefalsefalsefalsetrue" : "sprite:iceandfire/dragon/silver_4.png",
        "iceandfire:dragon_texture_silver_4falsefalsefalsefalsefalse" : "sprite:iceandfire/dragon/silver_4.png",
        "iceandfire:dragon_texture_white_4truetruetruetruetrue" : "sprite:iceandfire/dragon/white_4.png",
        "iceandfire:dragon_texture_white_4truetruetruetruefalse" : "sprite:iceandfire/dragon/white_4.png",
        "iceandfire:dragon_texture_white_4truetruetruefalsetrue" : "sprite:iceandfire/dragon/white_4.png",
        "iceandfire:dragon_texture_white_4truetruetruefalsefalse" : "sprite:iceandfire/dragon/white_4.png",
        "iceandfire:dragon_texture_white_4truetruefalsetruetrue" : "sprite:iceandfire/dragon/white_4.png",
        "iceandfire:dragon_texture_white_4truetruefalsetruefalse" : "sprite:iceandfire/dragon/white_4.png",
        "iceandfire:dragon_texture_white_4truetruefalsefalsetrue" : "sprite:iceandfire/dragon/white_4.png",
        "iceandfire:dragon_texture_white_4truetruefalsefalsefalse" : "sprite:iceandfire/dragon/white_4.png",
        "iceandfire:dragon_texture_white_4truefalsetruetruetrue" : "sprite:iceandfire/dragon/white_4.png",
        "iceandfire:dragon_texture_white_4truefalsetruetruefalse" : "sprite:iceandfire/dragon/white_4.png",
        "iceandfire:dragon_texture_white_4truefalsetruefalsetrue" : "sprite:iceandfire/dragon/white_4.png",
        "iceandfire:dragon_texture_white_4truefalsetruefalsefalse" : "sprite:iceandfire/dragon/white_4.png",
        "iceandfire:dragon_texture_white_4truefalsefalsetruetrue" : "sprite:iceandfire/dragon/white_4.png",
        "iceandfire:dragon_texture_white_4truefalsefalsetruefalse" : "sprite:iceandfire/dragon/white_4.png",
        "iceandfire:dragon_texture_white_4truefalsefalsefalsetrue" : "sprite:iceandfire/dragon/white_4.png",
        "iceandfire:dragon_texture_white_4truefalsefalsefalsefalse" : "sprite:iceandfire/dragon/white_4.png",
        "iceandfire:dragon_texture_white_4falsetruetruetruetrue" : "sprite:iceandfire/dragon/white_4.png",
        "iceandfire:dragon_texture_white_4falsetruetruetruefalse" : "sprite:iceandfire/dragon/white_4.png",
        "iceandfire:dragon_texture_white_4falsetruetruefalsetrue" : "sprite:iceandfire/dragon/white_4.png",
        "iceandfire:dragon_texture_white_4falsetruetruefalsefalse" : "sprite:iceandfire/dragon/white_4.png",
        "iceandfire:dragon_texture_white_4falsetruefalsetruetrue" : "sprite:iceandfire/dragon/white_4.png",
        "iceandfire:dragon_texture_white_4falsetruefalsetruefalse" : "sprite:iceandfire/dragon/white_4.png",
        "iceandfire:dragon_texture_white_4falsetruefalsefalsetrue" : "sprite:iceandfire/dragon/white_4.png",
        "iceandfire:dragon_texture_white_4falsetruefalsefalsefalse" : "sprite:iceandfire/dragon/white_4.png",
        "iceandfire:dragon_texture_white_4falsefalsetruetruetrue" : "sprite:iceandfire/dragon/white_4.png",
        "iceandfire:dragon_texture_white_4falsefalsetruetruefalse" : "sprite:iceandfire/dragon/white_4.png",
        "iceandfire:dragon_texture_white_4falsefalsetruefalsetrue" : "sprite:iceandfire/dragon/white_4.png",
        "iceandfire:dragon_texture_white_4falsefalsetruefalsefalse" : "sprite:iceandfire/dragon/white_4.png",
        "iceandfire:dragon_texture_white_4falsefalsefalsetruetrue" : "sprite:iceandfire/dragon/white_4.png",
        "iceandfire:dragon_texture_white_4falsefalsefalsetruefalse" : "sprite:iceandfire/dragon/white_4.png",
        "iceandfire:dragon_texture_white_4falsefalsefalsefalsetrue" : "sprite:iceandfire/dragon/white_4.png",
        "iceandfire:dragon_texture_white_4falsefalsefalsefalsefalse" : "sprite:iceandfire/dragon/white_4.png",
        "iceandfire:dragon_texture_blue_5truetruetruetruetrue" : "sprite:iceandfire/dragon/blue_5.png",
        "iceandfire:dragon_texture_blue_5truetruetruetruefalse" : "sprite:iceandfire/dragon/blue_5.png",
        "iceandfire:dragon_texture_blue_5truetruetruefalsetrue" : "sprite:iceandfire/dragon/blue_5.png",
        "iceandfire:dragon_texture_blue_5truetruetruefalsefalse" : "sprite:iceandfire/dragon/blue_5.png",
        "iceandfire:dragon_texture_blue_5truetruefalsetruetrue" : "sprite:iceandfire/dragon/blue_5.png",
        "iceandfire:dragon_texture_blue_5truetruefalsetruefalse" : "sprite:iceandfire/dragon/blue_5.png",
        "iceandfire:dragon_texture_blue_5truetruefalsefalsetrue" : "sprite:iceandfire/dragon/blue_5.png",
        "iceandfire:dragon_texture_blue_5truetruefalsefalsefalse" : "sprite:iceandfire/dragon/blue_5.png",
        "iceandfire:dragon_texture_blue_5truefalsetruetruetrue" : "sprite:iceandfire/dragon/blue_5.png",
        "iceandfire:dragon_texture_blue_5truefalsetruetruefalse" : "sprite:iceandfire/dragon/blue_5.png",
        "iceandfire:dragon_texture_blue_5truefalsetruefalsetrue" : "sprite:iceandfire/dragon/blue_5.png",
        "iceandfire:dragon_texture_blue_5truefalsetruefalsefalse" : "sprite:iceandfire/dragon/blue_5.png",
        "iceandfire:dragon_texture_blue_5truefalsefalsetruetrue" : "sprite:iceandfire/dragon/blue_5.png",
        "iceandfire:dragon_texture_blue_5truefalsefalsetruefalse" : "sprite:iceandfire/dragon/blue_5.png",
        "iceandfire:dragon_texture_blue_5truefalsefalsefalsetrue" : "sprite:iceandfire/dragon/blue_5.png",
        "iceandfire:dragon_texture_blue_5truefalsefalsefalsefalse" : "sprite:iceandfire/dragon/blue_5.png",
        "iceandfire:dragon_texture_blue_5falsetruetruetruetrue" : "sprite:iceandfire/dragon/blue_5.png",
        "iceandfire:dragon_texture_blue_5falsetruetruetruefalse" : "sprite:iceandfire/dragon/blue_5.png",
        "iceandfire:dragon_texture_blue_5falsetruetruefalsetrue" : "sprite:iceandfire/dragon/blue_5.png",
        "iceandfire:dragon_texture_blue_5falsetruetruefalsefalse" : "sprite:iceandfire/dragon/blue_5.png",
        "iceandfire:dragon_texture_blue_5falsetruefalsetruetrue" : "sprite:iceandfire/dragon/blue_5.png",
        "iceandfire:dragon_texture_blue_5falsetruefalsetruefalse" : "sprite:iceandfire/dragon/blue_5.png",
        "iceandfire:dragon_texture_blue_5falsetruefalsefalsetrue" : "sprite:iceandfire/dragon/blue_5.png",
        "iceandfire:dragon_texture_blue_5falsetruefalsefalsefalse" : "sprite:iceandfire/dragon/blue_5.png",
        "iceandfire:dragon_texture_blue_5falsefalsetruetruetrue" : "sprite:iceandfire/dragon/blue_5.png",
        "iceandfire:dragon_texture_blue_5falsefalsetruetruefalse" : "sprite:iceandfire/dragon/blue_5.png",
        "iceandfire:dragon_texture_blue_5falsefalsetruefalsetrue" : "sprite:iceandfire/dragon/blue_5.png",
        "iceandfire:dragon_texture_blue_5falsefalsetruefalsefalse" : "sprite:iceandfire/dragon/blue_5.png",
        "iceandfire:dragon_texture_blue_5falsefalsefalsetruetrue" : "sprite:iceandfire/dragon/blue_5.png",
        "iceandfire:dragon_texture_blue_5falsefalsefalsetruefalse" : "sprite:iceandfire/dragon/blue_5.png",
        "iceandfire:dragon_texture_blue_5falsefalsefalsefalsetrue" : "sprite:iceandfire/dragon/blue_5.png",
        "iceandfire:dragon_texture_blue_5falsefalsefalsefalsefalse" : "sprite:iceandfire/dragon/blue_5.png",
        "iceandfire:dragon_texture_sapphire_5truetruetruetruetrue" : "sprite:iceandfire/dragon/sapphire_5.png",
        "iceandfire:dragon_texture_sapphire_5truetruetruetruefalse" : "sprite:iceandfire/dragon/sapphire_5.png",
        "iceandfire:dragon_texture_sapphire_5truetruetruefalsetrue" : "sprite:iceandfire/dragon/sapphire_5.png",
        "iceandfire:dragon_texture_sapphire_5truetruetruefalsefalse" : "sprite:iceandfire/dragon/sapphire_5.png",
        "iceandfire:dragon_texture_sapphire_5truetruefalsetruetrue" : "sprite:iceandfire/dragon/sapphire_5.png",
        "iceandfire:dragon_texture_sapphire_5truetruefalsetruefalse" : "sprite:iceandfire/dragon/sapphire_5.png",
        "iceandfire:dragon_texture_sapphire_5truetruefalsefalsetrue" : "sprite:iceandfire/dragon/sapphire_5.png",
        "iceandfire:dragon_texture_sapphire_5truetruefalsefalsefalse" : "sprite:iceandfire/dragon/sapphire_5.png",
        "iceandfire:dragon_texture_sapphire_5truefalsetruetruetrue" : "sprite:iceandfire/dragon/sapphire_5.png",
        "iceandfire:dragon_texture_sapphire_5truefalsetruetruefalse" : "sprite:iceandfire/dragon/sapphire_5.png",
        "iceandfire:dragon_texture_sapphire_5truefalsetruefalsetrue" : "sprite:iceandfire/dragon/sapphire_5.png",
        "iceandfire:dragon_texture_sapphire_5truefalsetruefalsefalse" : "sprite:iceandfire/dragon/sapphire_5.png",
        "iceandfire:dragon_texture_sapphire_5truefalsefalsetruetrue" : "sprite:iceandfire/dragon/sapphire_5.png",
        "iceandfire:dragon_texture_sapphire_5truefalsefalsetruefalse" : "sprite:iceandfire/dragon/sapphire_5.png",
        "iceandfire:dragon_texture_sapphire_5truefalsefalsefalsetrue" : "sprite:iceandfire/dragon/sapphire_5.png",
        "iceandfire:dragon_texture_sapphire_5truefalsefalsefalsefalse" : "sprite:iceandfire/dragon/sapphire_5.png",
        "iceandfire:dragon_texture_sapphire_5falsetruetruetruetrue" : "sprite:iceandfire/dragon/sapphire_5.png",
        "iceandfire:dragon_texture_sapphire_5falsetruetruetruefalse" : "sprite:iceandfire/dragon/sapphire_5.png",
        "iceandfire:dragon_texture_sapphire_5falsetruetruefalsetrue" : "sprite:iceandfire/dragon/sapphire_5.png",
        "iceandfire:dragon_texture_sapphire_5falsetruetruefalsefalse" : "sprite:iceandfire/dragon/sapphire_5.png",
        "iceandfire:dragon_texture_sapphire_5falsetruefalsetruetrue" : "sprite:iceandfire/dragon/sapphire_5.png",
        "iceandfire:dragon_texture_sapphire_5falsetruefalsetruefalse" : "sprite:iceandfire/dragon/sapphire_5.png",
        "iceandfire:dragon_texture_sapphire_5falsetruefalsefalsetrue" : "sprite:iceandfire/dragon/sapphire_5.png",
        "iceandfire:dragon_texture_sapphire_5falsetruefalsefalsefalse" : "sprite:iceandfire/dragon/sapphire_5.png",
        "iceandfire:dragon_texture_sapphire_5falsefalsetruetruetrue" : "sprite:iceandfire/dragon/sapphire_5.png",
        "iceandfire:dragon_texture_sapphire_5falsefalsetruetruefalse" : "sprite:iceandfire/dragon/sapphire_5.png",
        "iceandfire:dragon_texture_sapphire_5falsefalsetruefalsetrue" : "sprite:iceandfire/dragon/sapphire_5.png",
        "iceandfire:dragon_texture_sapphire_5falsefalsetruefalsefalse" : "sprite:iceandfire/dragon/sapphire_5.png",
        "iceandfire:dragon_texture_sapphire_5falsefalsefalsetruetrue" : "sprite:iceandfire/dragon/sapphire_5.png",
        "iceandfire:dragon_texture_sapphire_5falsefalsefalsetruefalse" : "sprite:iceandfire/dragon/sapphire_5.png",
        "iceandfire:dragon_texture_sapphire_5falsefalsefalsefalsetrue" : "sprite:iceandfire/dragon/sapphire_5.png",
        "iceandfire:dragon_texture_sapphire_5falsefalsefalsefalsefalse" : "sprite:iceandfire/dragon/sapphire_5.png",
        "iceandfire:dragon_texture_silver_5truetruetruetruetrue" : "sprite:iceandfire/dragon/silver_5.png",
        "iceandfire:dragon_texture_silver_5truetruetruetruefalse" : "sprite:iceandfire/dragon/silver_5.png",
        "iceandfire:dragon_texture_silver_5truetruetruefalsetrue" : "sprite:iceandfire/dragon/silver_5.png",
        "iceandfire:dragon_texture_silver_5truetruetruefalsefalse" : "sprite:iceandfire/dragon/silver_5.png",
        "iceandfire:dragon_texture_silver_5truetruefalsetruetrue" : "sprite:iceandfire/dragon/silver_5.png",
        "iceandfire:dragon_texture_silver_5truetruefalsetruefalse" : "sprite:iceandfire/dragon/silver_5.png",
        "iceandfire:dragon_texture_silver_5truetruefalsefalsetrue" : "sprite:iceandfire/dragon/silver_5.png",
        "iceandfire:dragon_texture_silver_5truetruefalsefalsefalse" : "sprite:iceandfire/dragon/silver_5.png",
        "iceandfire:dragon_texture_silver_5truefalsetruetruetrue" : "sprite:iceandfire/dragon/silver_5.png",
        "iceandfire:dragon_texture_silver_5truefalsetruetruefalse" : "sprite:iceandfire/dragon/silver_5.png",
        "iceandfire:dragon_texture_silver_5truefalsetruefalsetrue" : "sprite:iceandfire/dragon/silver_5.png",
        "iceandfire:dragon_texture_silver_5truefalsetruefalsefalse" : "sprite:iceandfire/dragon/silver_5.png",
        "iceandfire:dragon_texture_silver_5truefalsefalsetruetrue" : "sprite:iceandfire/dragon/silver_5.png",
        "iceandfire:dragon_texture_silver_5truefalsefalsetruefalse" : "sprite:iceandfire/dragon/silver_5.png",
        "iceandfire:dragon_texture_silver_5truefalsefalsefalsetrue" : "sprite:iceandfire/dragon/silver_5.png",
        "iceandfire:dragon_texture_silver_5truefalsefalsefalsefalse" : "sprite:iceandfire/dragon/silver_5.png",
        "iceandfire:dragon_texture_silver_5falsetruetruetruetrue" : "sprite:iceandfire/dragon/silver_5.png",
        "iceandfire:dragon_texture_silver_5falsetruetruetruefalse" : "sprite:iceandfire/dragon/silver_5.png",
        "iceandfire:dragon_texture_silver_5falsetruetruefalsetrue" : "sprite:iceandfire/dragon/silver_5.png",
        "iceandfire:dragon_texture_silver_5falsetruetruefalsefalse" : "sprite:iceandfire/dragon/silver_5.png",
        "iceandfire:dragon_texture_silver_5falsetruefalsetruetrue" : "sprite:iceandfire/dragon/silver_5.png",
        "iceandfire:dragon_texture_silver_5falsetruefalsetruefalse" : "sprite:iceandfire/dragon/silver_5.png",
        "iceandfire:dragon_texture_silver_5falsetruefalsefalsetrue" : "sprite:iceandfire/dragon/silver_5.png",
        "iceandfire:dragon_texture_silver_5falsetruefalsefalsefalse" : "sprite:iceandfire/dragon/silver_5.png",
        "iceandfire:dragon_texture_silver_5falsefalsetruetruetrue" : "sprite:iceandfire/dragon/silver_5.png",
        "iceandfire:dragon_texture_silver_5falsefalsetruetruefalse" : "sprite:iceandfire/dragon/silver_5.png",
        "iceandfire:dragon_texture_silver_5falsefalsetruefalsetrue" : "sprite:iceandfire/dragon/silver_5.png",
        "iceandfire:dragon_texture_silver_5falsefalsetruefalsefalse" : "sprite:iceandfire/dragon/silver_5.png",
        "iceandfire:dragon_texture_silver_5falsefalsefalsetruetrue" : "sprite:iceandfire/dragon/silver_5.png",
        "iceandfire:dragon_texture_silver_5falsefalsefalsetruefalse" : "sprite:iceandfire/dragon/silver_5.png",
        "iceandfire:dragon_texture_silver_5falsefalsefalsefalsetrue" : "sprite:iceandfire/dragon/silver_5.png",
        "iceandfire:dragon_texture_silver_5falsefalsefalsefalsefalse" : "sprite:iceandfire/dragon/silver_5.png",
        "iceandfire:dragon_texture_white_5truetruetruetruetrue" : "sprite:iceandfire/dragon/white_5.png",
        "iceandfire:dragon_texture_white_5truetruetruetruefalse" : "sprite:iceandfire/dragon/white_5.png",
        "iceandfire:dragon_texture_white_5truetruetruefalsetrue" : "sprite:iceandfire/dragon/white_5.png",
        "iceandfire:dragon_texture_white_5truetruetruefalsefalse" : "sprite:iceandfire/dragon/white_5.png",
        "iceandfire:dragon_texture_white_5truetruefalsetruetrue" : "sprite:iceandfire/dragon/white_5.png",
        "iceandfire:dragon_texture_white_5truetruefalsetruefalse" : "sprite:iceandfire/dragon/white_5.png",
        "iceandfire:dragon_texture_white_5truetruefalsefalsetrue" : "sprite:iceandfire/dragon/white_5.png",
        "iceandfire:dragon_texture_white_5truetruefalsefalsefalse" : "sprite:iceandfire/dragon/white_5.png",
        "iceandfire:dragon_texture_white_5truefalsetruetruetrue" : "sprite:iceandfire/dragon/white_5.png",
        "iceandfire:dragon_texture_white_5truefalsetruetruefalse" : "sprite:iceandfire/dragon/white_5.png",
        "iceandfire:dragon_texture_white_5truefalsetruefalsetrue" : "sprite:iceandfire/dragon/white_5.png",
        "iceandfire:dragon_texture_white_5truefalsetruefalsefalse" : "sprite:iceandfire/dragon/white_5.png",
        "iceandfire:dragon_texture_white_5truefalsefalsetruetrue" : "sprite:iceandfire/dragon/white_5.png",
        "iceandfire:dragon_texture_white_5truefalsefalsetruefalse" : "sprite:iceandfire/dragon/white_5.png",
        "iceandfire:dragon_texture_white_5truefalsefalsefalsetrue" : "sprite:iceandfire/dragon/white_5.png",
        "iceandfire:dragon_texture_white_5truefalsefalsefalsefalse" : "sprite:iceandfire/dragon/white_5.png",
        "iceandfire:dragon_texture_white_5falsetruetruetruetrue" : "sprite:iceandfire/dragon/white_5.png",
        "iceandfire:dragon_texture_white_5falsetruetruetruefalse" : "sprite:iceandfire/dragon/white_5.png",
        "iceandfire:dragon_texture_white_5falsetruetruefalsetrue" : "sprite:iceandfire/dragon/white_5.png",
        "iceandfire:dragon_texture_white_5falsetruetruefalsefalse" : "sprite:iceandfire/dragon/white_5.png",
        "iceandfire:dragon_texture_white_5falsetruefalsetruetrue" : "sprite:iceandfire/dragon/white_5.png",
        "iceandfire:dragon_texture_white_5falsetruefalsetruefalse" : "sprite:iceandfire/dragon/white_5.png",
        "iceandfire:dragon_texture_white_5falsetruefalsefalsetrue" : "sprite:iceandfire/dragon/white_5.png",
        "iceandfire:dragon_texture_white_5falsetruefalsefalsefalse" : "sprite:iceandfire/dragon/white_5.png",
        "iceandfire:dragon_texture_white_5falsefalsetruetruetrue" : "sprite:iceandfire/dragon/white_5.png",
        "iceandfire:dragon_texture_white_5falsefalsetruetruefalse" : "sprite:iceandfire/dragon/white_5.png",
        "iceandfire:dragon_texture_white_5falsefalsetruefalsetrue" : "sprite:iceandfire/dragon/white_5.png",
        "iceandfire:dragon_texture_white_5falsefalsetruefalsefalse" : "sprite:iceandfire/dragon/white_5.png",
        "iceandfire:dragon_texture_white_5falsefalsefalsetruetrue" : "sprite:iceandfire/dragon/white_5.png",
        "iceandfire:dragon_texture_white_5falsefalsefalsetruefalse" : "sprite:iceandfire/dragon/white_5.png",
        "iceandfire:dragon_texture_white_5falsefalsefalsefalsetrue" : "sprite:iceandfire/dragon/white_5.png",
        "iceandfire:dragon_texture_white_5falsefalsefalsefalsefalse" : "sprite:iceandfire/dragon/white_5.png"
    }
}