{
    "variants" : {
        "iceandfire:dragon_texture_amythest_1truetruetruetruetrue" : "sprite:iceandfire/dragon/amythest_1.png",
        "iceandfire:dragon_texture_amythest_1truetruetruetruefalse" : "sprite:iceandfire/dragon/amythest_1.png",
        "iceandfire:dragon_texture_amythest_1truetruetruefalsetrue" : "sprite:iceandfire/dragon/amythest_1.png",
        "iceandfire:dragon_texture_amythest_1truetruetruefalsefalse" : "sprite:iceandfire/dragon/amythest_1.png",
        "iceandfire:dragon_texture_amythest_1truetruefalsetruetrue" : "sprite:iceandfire/dragon/amythest_1.png",
        "iceandfire:dragon_texture_amythest_1truetruefalsetruefalse" : "sprite:iceandfire/dragon/amythest_1.png",
        "iceandfire:dragon_texture_amythest_1truetruefalsefalsetrue" : "sprite:iceandfire/dragon/amythest_1.png",
        "iceandfire:dragon_texture_amythest_1truetruefalsefalsefalse" : "sprite:iceandfire/dragon/amythest_1.png",
        "iceandfire:dragon_texture_amythest_1truefalsetruetruetrue" : "sprite:iceandfire/dragon/amythest_1.png",
        "iceandfire:dragon_texture_amythest_1truefalsetruetruefalse" : "sprite:iceandfire/dragon/amythest_1.png",
        "iceandfire:dragon_texture_amythest_1truefalsetruefalsetrue" : "sprite:iceandfire/dragon/amythest_1.png",
        "iceandfire:dragon_texture_amythest_1truefalsetruefalsefalse" : "sprite:iceandfire/dragon/amythest_1.png",
        "iceandfire:dragon_texture_amythest_1truefalsefalsetruetrue" : "sprite:iceandfire/dragon/amythest_1.png",
        "iceandfire:dragon_texture_amythest_1truefalsefalsetruefalse" : "sprite:iceandfire/dragon/amythest_1.png",
        "iceandfire:dragon_texture_amythest_1truefalsefalsefalsetrue" : "sprite:iceandfire/dragon/amythest_1.png",
        "iceandfire:dragon_texture_amythest_1truefalsefalsefalsefalse" : "sprite:iceandfire/dragon/amythest_1.png",
        "iceandfire:dragon_texture_amythest_1falsetruetruetruetrue" : "sprite:iceandfire/dragon/amythest_1.png",
        "iceandfire:dragon_texture_amythest_1falsetruetruetruefalse" : "sprite:iceandfire/dragon/amythest_1.png",
        "iceandfire:dragon_texture_amythest_1falsetruetruefalsetrue" : "sprite:iceandfire/dragon/amythest_1.png",
        "iceandfire:dragon_texture_amythest_1falsetruetruefalsefalse" : "sprite:iceandfire/dragon/amythest_1.png",
        "iceandfire:dragon_texture_amythest_1falsetruefalsetruetrue" : "sprite:iceandfire/dragon/amythest_1.png",
        "iceandfire:dragon_texture_amythest_1falsetruefalsetruefalse" : "sprite:iceandfire/dragon/amythest_1.png",
        "iceandfire:dragon_texture_amythest_1falsetruefalsefalsetrue" : "sprite:iceandfire/dragon/amythest_1.png",
        "iceandfire:dragon_texture_amythest_1falsetruefalsefalsefalse" : "sprite:iceandfire/dragon/amythest_1.png",
        "iceandfire:dragon_texture_amythest_1falsefalsetruetruetrue" : "sprite:iceandfire/dragon/amythest_1.png",
        "iceandfire:dragon_texture_amythest_1falsefalsetruetruefalse" : "sprite:iceandfire/dragon/amythest_1.png",
        "iceandfire:dragon_texture_amythest_1falsefalsetruefalsetrue" : "sprite:iceandfire/dragon/amythest_1.png",
        "iceandfire:dragon_texture_amythest_1falsefalsetruefalsefalse" : "sprite:iceandfire/dragon/amythest_1.png",
        "iceandfire:dragon_texture_amythest_1falsefalsefalsetruetrue" : "sprite:iceandfire/dragon/amythest_1.png",
        "iceandfire:dragon_texture_amythest_1falsefalsefalsetruefalse" : "sprite:iceandfire/dragon/amythest_1.png",
        "iceandfire:dragon_texture_amythest_1falsefalsefalsefalsetrue" : "sprite:iceandfire/dragon/amythest_1.png",
        "iceandfire:dragon_texture_amythest_1falsefalsefalsefalsefalse" : "sprite:iceandfire/dragon/amythest_1.png",
        "iceandfire:dragon_texture_black_1truetruetruetruetrue" : "sprite:iceandfire/dragon/black_1.png",
        "iceandfire:dragon_texture_black_1truetruetruetruefalse" : "sprite:iceandfire/dragon/black_1.png",
        "iceandfire:dragon_texture_black_1truetruetruefalsetrue" : "sprite:iceandfire/dragon/black_1.png",
        "iceandfire:dragon_texture_black_1truetruetruefalsefalse" : "sprite:iceandfire/dragon/black_1.png",
        "iceandfire:dragon_texture_black_1truetruefalsetruetrue" : "sprite:iceandfire/dragon/black_1.png",
        "iceandfire:dragon_texture_black_1truetruefalsetruefalse" : "sprite:iceandfire/dragon/black_1.png",
        "iceandfire:dragon_texture_black_1truetruefalsefalsetrue" : "sprite:iceandfire/dragon/black_1.png",
        "iceandfire:dragon_texture_black_1truetruefalsefalsefalse" : "sprite:iceandfire/dragon/black_1.png",
        "iceandfire:dragon_texture_black_1truefalsetruetruetrue" : "sprite:iceandfire/dragon/black_1.png",
        "iceandfire:dragon_texture_black_1truefalsetruetruefalse" : "sprite:iceandfire/dragon/black_1.png",
        "iceandfire:dragon_texture_black_1truefalsetruefalsetrue" : "sprite:iceandfire/dragon/black_1.png",
        "iceandfire:dragon_texture_black_1truefalsetruefalsefalse" : "sprite:iceandfire/dragon/black_1.png",
        "iceandfire:dragon_texture_black_1truefalsefalsetruetrue" : "sprite:iceandfire/dragon/black_1.png",
        "iceandfire:dragon_texture_black_1truefalsefalsetruefalse" : "sprite:iceandfire/dragon/black_1.png",
        "iceandfire:dragon_texture_black_1truefalsefalsefalsetrue" : "sprite:iceandfire/dragon/black_1.png",
        "iceandfire:dragon_texture_black_1truefalsefalsefalsefalse" : "sprite:iceandfire/dragon/black_1.png",
        "iceandfire:dragon_texture_black_1falsetruetruetruetrue" : "sprite:iceandfire/dragon/black_1.png",
        "iceandfire:dragon_texture_black_1falsetruetruetruefalse" : "sprite:iceandfire/dragon/black_1.png",
        "iceandfire:dragon_texture_black_1falsetruetruefalsetrue" : "sprite:iceandfire/dragon/black_1.png",
        "iceandfire:dragon_texture_black_1falsetruetruefalsefalse" : "sprite:iceandfire/dragon/black_1.png",
        "iceandfire:dragon_texture_black_1falsetruefalsetruetrue" : "sprite:iceandfire/dragon/black_1.png",
        "iceandfire:dragon_texture_black_1falsetruefalsetruefalse" : "sprite:iceandfire/dragon/black_1.png",
        "iceandfire:dragon_texture_black_1falsetruefalsefalsetrue" : "sprite:iceandfire/dragon/black_1.png",
        "iceandfire:dragon_texture_black_1falsetruefalsefalsefalse" : "sprite:iceandfire/dragon/black_1.png",
        "iceandfire:dragon_texture_black_1falsefalsetruetruetrue" : "sprite:iceandfire/dragon/black_1.png",
        "iceandfire:dragon_texture_black_1falsefalsetruetruefalse" : "sprite:iceandfire/dragon/black_1.png",
        "iceandfire:dragon_texture_black_1falsefalsetruefalsetrue" : "sprite:iceandfire/dragon/black_1.png",
        "iceandfire:dragon_texture_black_1falsefalsetruefalsefalse" : "sprite:iceandfire/dragon/black_1.png",
        "iceandfire:dragon_texture_black_1falsefalsefalsetruetrue" : "sprite:iceandfire/dragon/black_1.png",
        "iceandfire:dragon_texture_black_1falsefalsefalsetruefalse" : "sprite:iceandfire/dragon/black_1.png",
        "iceandfire:dragon_texture_black_1falsefalsefalsefalsetrue" : "sprite:iceandfire/dragon/black_1.png",
        "iceandfire:dragon_texture_black_1falsefalsefalsefalsefalse" : "sprite:iceandfire/dragon/black_1.png",
        "iceandfire:dragon_texture_copper_1truetruetruetruetrue" : "sprite:iceandfire/dragon/copper_1.png",
        "iceandfire:dragon_texture_copper_1truetruetruetruefalse" : "sprite:iceandfire/dragon/copper_1.png",
        "iceandfire:dragon_texture_copper_1truetruetruefalsetrue" : "sprite:iceandfire/dragon/copper_1.png",
        "iceandfire:dragon_texture_copper_1truetruetruefalsefalse" : "sprite:iceandfire/dragon/copper_1.png",
        "iceandfire:dragon_texture_copper_1truetruefalsetruetrue" : "sprite:iceandfire/dragon/copper_1.png",
        "iceandfire:dragon_texture_copper_1truetruefalsetruefalse" : "sprite:iceandfire/dragon/copper_1.png",
        "iceandfire:dragon_texture_copper_1truetruefalsefalsetrue" : "sprite:iceandfire/dragon/copper_1.png",
        "iceandfire:dragon_texture_copper_1truetruefalsefalsefalse" : "sprite:iceandfire/dragon/copper_1.png",
        "iceandfire:dragon_texture_copper_1truefalsetruetruetrue" : "sprite:iceandfire/dragon/copper_1.png",
        "iceandfire:dragon_texture_copper_1truefalsetruetruefalse" : "sprite:iceandfire/dragon/copper_1.png",
        "iceandfire:dragon_texture_copper_1truefalsetruefalsetrue" : "sprite:iceandfire/dragon/copper_1.png",
        "iceandfire:dragon_texture_copper_1truefalsetruefalsefalse" : "sprite:iceandfire/dragon/copper_1.png",
        "iceandfire:dragon_texture_copper_1truefalsefalsetruetrue" : "sprite:iceandfire/dragon/copper_1.png",
        "iceandfire:dragon_texture_copper_1truefalsefalsetruefalse" : "sprite:iceandfire/dragon/copper_1.png",
        "iceandfire:dragon_texture_copper_1truefalsefalsefalsetrue" : "sprite:iceandfire/dragon/copper_1.png",
        "iceandfire:dragon_texture_copper_1truefalsefalsefalsefalse" : "sprite:iceandfire/dragon/copper_1.png",
        "iceandfire:dragon_texture_copper_1falsetruetruetruetrue" : "sprite:iceandfire/dragon/copper_1.png",
        "iceandfire:dragon_texture_copper_1falsetruetruetruefalse" : "sprite:iceandfire/dragon/copper_1.png",
        "iceandfire:dragon_texture_copper_1falsetruetruefalsetrue" : "sprite:iceandfire/dragon/copper_1.png",
        "iceandfire:dragon_texture_copper_1falsetruetruefalsefalse" : "sprite:iceandfire/dragon/copper_1.png",
        "iceandfire:dragon_texture_copper_1falsetruefalsetruetrue" : "sprite:iceandfire/dragon/copper_1.png",
        "iceandfire:dragon_texture_copper_1falsetruefalsetruefalse" : "sprite:iceandfire/dragon/copper_1.png",
        "iceandfire:dragon_texture_copper_1falsetruefalsefalsetrue" : "sprite:iceandfire/dragon/copper_1.png",
        "iceandfire:dragon_texture_copper_1falsetruefalsefalsefalse" : "sprite:iceandfire/dragon/copper_1.png",
        "iceandfire:dragon_texture_copper_1falsefalsetruetruetrue" : "sprite:iceandfire/dragon/copper_1.png",
        "iceandfire:dragon_texture_copper_1falsefalsetruetruefalse" : "sprite:iceandfire/dragon/copper_1.png",
        "iceandfire:dragon_texture_copper_1falsefalsetruefalsetrue" : "sprite:iceandfire/dragon/copper_1.png",
        "iceandfire:dragon_texture_copper_1falsefalsetruefalsefalse" : "sprite:iceandfire/dragon/copper_1.png",
        "iceandfire:dragon_texture_copper_1falsefalsefalsetruetrue" : "sprite:iceandfire/dragon/copper_1.png",
        "iceandfire:dragon_texture_copper_1falsefalsefalsetruefalse" : "sprite:iceandfire/dragon/copper_1.png",
        "iceandfire:dragon_texture_copper_1falsefalsefalsefalsetrue" : "sprite:iceandfire/dragon/copper_1.png",
        "iceandfire:dragon_texture_copper_1falsefalsefalsefalsefalse" : "sprite:iceandfire/dragon/copper_1.png",
        "iceandfire:dragon_texture_electric_1truetruetruetruetrue" : "sprite:iceandfire/dragon/electric_1.png",
        "iceandfire:dragon_texture_electric_1truetruetruetruefalse" : "sprite:iceandfire/dragon/electric_1.png",
        "iceandfire:dragon_texture_electric_1truetruetruefalsetrue" : "sprite:iceandfire/dragon/electric_1.png",
        "iceandfire:dragon_texture_electric_1truetruetruefalsefalse" : "sprite:iceandfire/dragon/electric_1.png",
        "iceandfire:dragon_texture_electric_1truetruefalsetruetrue" : "sprite:iceandfire/dragon/electric_1.png",
        "iceandfire:dragon_texture_electric_1truetruefalsetruefalse" : "sprite:iceandfire/dragon/electric_1.png",
        "iceandfire:dragon_texture_electric_1truetruefalsefalsetrue" : "sprite:iceandfire/dragon/electric_1.png",
        "iceandfire:dragon_texture_electric_1truetruefalsefalsefalse" : "sprite:iceandfire/dragon/electric_1.png",
        "iceandfire:dragon_texture_electric_1truefalsetruetruetrue" : "sprite:iceandfire/dragon/electric_1.png",
        "iceandfire:dragon_texture_electric_1truefalsetruetruefalse" : "sprite:iceandfire/dragon/electric_1.png",
        "iceandfire:dragon_texture_electric_1truefalsetruefalsetrue" : "sprite:iceandfire/dragon/electric_1.png",
        "iceandfire:dragon_texture_electric_1truefalsetruefalsefalse" : "sprite:iceandfire/dragon/electric_1.png",
        "iceandfire:dragon_texture_electric_1truefalsefalsetruetrue" : "sprite:iceandfire/dragon/electric_1.png",
        "iceandfire:dragon_texture_electric_1truefalsefalsetruefalse" : "sprite:iceandfire/dragon/electric_1.png",
        "iceandfire:dragon_texture_electric_1truefalsefalsefalsetrue" : "sprite:iceandfire/dragon/electric_1.png",
        "iceandfire:dragon_texture_electric_1truefalsefalsefalsefalse" : "sprite:iceandfire/dragon/electric_1.png",
        "iceandfire:dragon_texture_electric_1falsetruetruetruetrue" : "sprite:iceandfire/dragon/electric_1.png",
        "iceandfire:dragon_texture_electric_1falsetruetruetruefalse" : "sprite:iceandfire/dragon/electric_1.png",
        "iceandfire:dragon_texture_electric_1falsetruetruefalsetrue" : "sprite:iceandfire/dragon/electric_1.png",
        "iceandfire:dragon_texture_electric_1falsetruetruefalsefalse" : "sprite:iceandfire/dragon/electric_1.png",
        "iceandfire:dragon_texture_electric_1falsetruefalsetruetrue" : "sprite:iceandfire/dragon/electric_1.png",
        "iceandfire:dragon_texture_electric_1falsetruefalsetruefalse" : "sprite:iceandfire/dragon/electric_1.png",
        "iceandfire:dragon_texture_electric_1falsetruefalsefalsetrue" : "sprite:iceandfire/dragon/electric_1.png",
        "iceandfire:dragon_texture_electric_1falsetruefalsefalsefalse" : "sprite:iceandfire/dragon/electric_1.png",
        "iceandfire:dragon_texture_electric_1falsefalsetruetruetrue" : "sprite:iceandfire/dragon/electric_1.png",
        "iceandfire:dragon_texture_electric_1falsefalsetruetruefalse" : "sprite:iceandfire/dragon/electric_1.png",
        "iceandfire:dragon_texture_electric_1falsefalsetruefalsetrue" : "sprite:iceandfire/dragon/electric_1.png",
        "iceandfire:dragon_texture_electric_1falsefalsetruefalsefalse" : "sprite:iceandfire/dragon/electric_1.png",
        "iceandfire:dragon_texture_electric_1falsefalsefalsetruetrue" : "sprite:iceandfire/dragon/electric_1.png",
        "iceandfire:dragon_texture_electric_1falsefalsefalsetruefalse" : "sprite:iceandfire/dragon/electric_1.png",
        "iceandfire:dragon_texture_electric_1falsefalsefalsefalsetrue" : "sprite:iceandfire/dragon/electric_1.png",
        "iceandfire:dragon_texture_electric_1falsefalsefalsefalsefalse" : "sprite:iceandfire/dragon/electric_1.png",
        "iceandfire:dragon_texture_amythest_2truetruetruetruetrue" : "sprite:iceandfire/dragon/amythest_2.png",
        "iceandfire:dragon_texture_amythest_2truetruetruetruefalse" : "sprite:iceandfire/dragon/amythest_2.png",
        "iceandfire:dragon_texture_amythest_2truetruetruefalsetrue" : "sprite:iceandfire/dragon/amythest_2.png",
        "iceandfire:dragon_texture_amythest_2truetruetruefalsefalse" : "sprite:iceandfire/dragon/amythest_2.png",
        "iceandfire:dragon_texture_amythest_2truetruefalsetruetrue" : "sprite:iceandfire/dragon/amythest_2.png",
        "iceandfire:dragon_texture_amythest_2truetruefalsetruefalse" : "sprite:iceandfire/dragon/amythest_2.png",
        "iceandfire:dragon_texture_amythest_2truetruefalsefalsetrue" : "sprite:iceandfire/dragon/amythest_2.png",
        "iceandfire:dragon_texture_amythest_2truetruefalsefalsefalse" : "sprite:iceandfire/dragon/amythest_2.png",
        "iceandfire:dragon_texture_amythest_2truefalsetruetruetrue" : "sprite:iceandfire/dragon/amythest_2.png",
        "iceandfire:dragon_texture_amythest_2truefalsetruetruefalse" : "sprite:iceandfire/dragon/amythest_2.png",
        "iceandfire:dragon_texture_amythest_2truefalsetruefalsetrue" : "sprite:iceandfire/dragon/amythest_2.png",
        "iceandfire:dragon_texture_amythest_2truefalsetruefalsefalse" : "sprite:iceandfire/dragon/amythest_2.png",
        "iceandfire:dragon_texture_amythest_2truefalsefalsetruetrue" : "sprite:iceandfire/dragon/amythest_2.png",
        "iceandfire:dragon_texture_amythest_2truefalsefalsetruefalse" : "sprite:iceandfire/dragon/amythest_2.png",
        "iceandfire:dragon_texture_amythest_2truefalsefalsefalsetrue" : "sprite:iceandfire/dragon/amythest_2.png",
        "iceandfire:dragon_texture_amythest_2truefalsefalsefalsefalse" : "sprite:iceandfire/dragon/amythest_2.png",
        "iceandfire:dragon_texture_amythest_2falsetruetruetruetrue" : "sprite:iceandfire/dragon/amythest_2.png",
        "iceandfire:dragon_texture_amythest_2falsetruetruetruefalse" : "sprite:iceandfire/dragon/amythest_2.png",
        "iceandfire:dragon_texture_amythest_2falsetruetruefalsetrue" : "sprite:iceandfire/dragon/amythest_2.png",
        "iceandfire:dragon_texture_amythest_2falsetruetruefalsefalse" : "sprite:iceandfire/dragon/amythest_2.png",
        "iceandfire:dragon_texture_amythest_2falsetruefalsetruetrue" : "sprite:iceandfire/dragon/amythest_2.png",
        "iceandfire:dragon_texture_amythest_2falsetruefalsetruefalse" : "sprite:iceandfire/dragon/amythest_2.png",
        "iceandfire:dragon_texture_amythest_2falsetruefalsefalsetrue" : "sprite:iceandfire/dragon/amythest_2.png",
        "iceandfire:dragon_texture_amythest_2falsetruefalsefalsefalse" : "sprite:iceandfire/dragon/amythest_2.png",
        "iceandfire:dragon_texture_amythest_2falsefalsetruetruetrue" : "sprite:iceandfire/dragon/amythest_2.png",
        "iceandfire:dragon_texture_amythest_2falsefalsetruetruefalse" : "sprite:iceandfire/dragon/amythest_2.png",
        "iceandfire:dragon_texture_amythest_2falsefalsetruefalsetrue" : "sprite:iceandfire/dragon/amythest_2.png",
        "iceandfire:dragon_texture_amythest_2falsefalsetruefalsefalse" : "sprite:iceandfire/dragon/amythest_2.png",
        "iceandfire:dragon_texture_amythest_2falsefalsefalsetruetrue" : "sprite:iceandfire/dragon/amythest_2.png",
        "iceandfire:dragon_texture_amythest_2falsefalsefalsetruefalse" : "sprite:iceandfire/dragon/amythest_2.png",
        "iceandfire:dragon_texture_amythest_2falsefalsefalsefalsetrue" : "sprite:iceandfire/dragon/amythest_2.png",
        "iceandfire:dragon_texture_amythest_2falsefalsefalsefalsefalse" : "sprite:iceandfire/dragon/amythest_2.png",
        "iceandfire:dragon_texture_black_2truetruetruetruetrue" : "sprite:iceandfire/dragon/black_2.png",
        "iceandfire:dragon_texture_black_2truetruetruetruefalse" : "sprite:iceandfire/dragon/black_2.png",
        "iceandfire:dragon_texture_black_2truetruetruefalsetrue" : "sprite:iceandfire/dragon/black_2.png",
        "iceandfire:dragon_texture_black_2truetruetruefalsefalse" : "sprite:iceandfire/dragon/black_2.png",
        "iceandfire:dragon_texture_black_2truetruefalsetruetrue" : "sprite:iceandfire/dragon/black_2.png",
        "iceandfire:dragon_texture_black_2truetruefalsetruefalse" : "sprite:iceandfire/dragon/black_2.png",
        "iceandfire:dragon_texture_black_2truetruefalsefalsetrue" : "sprite:iceandfire/dragon/black_2.png",
        "iceandfire:dragon_texture_black_2truetruefalsefalsefalse" : "sprite:iceandfire/dragon/black_2.png",
        "iceandfire:dragon_texture_black_2truefalsetruetruetrue" : "sprite:iceandfire/dragon/black_2.png",
        "iceandfire:dragon_texture_black_2truefalsetruetruefalse" : "sprite:iceandfire/dragon/black_2.png",
        "iceandfire:dragon_texture_black_2truefalsetruefalsetrue" : "sprite:iceandfire/dragon/black_2.png",
        "iceandfire:dragon_texture_black_2truefalsetruefalsefalse" : "sprite:iceandfire/dragon/black_2.png",
        "iceandfire:dragon_texture_black_2truefalsefalsetruetrue" : "sprite:iceandfire/dragon/black_2.png",
        "iceandfire:dragon_texture_black_2truefalsefalsetruefalse" : "sprite:iceandfire/dragon/black_2.png",
        "iceandfire:dragon_texture_black_2truefalsefalsefalsetrue" : "sprite:iceandfire/dragon/black_2.png",
        "iceandfire:dragon_texture_black_2truefalsefalsefalsefalse" : "sprite:iceandfire/dragon/black_2.png",
        "iceandfire:dragon_texture_black_2falsetruetruetruetrue" : "sprite:iceandfire/dragon/black_2.png",
        "iceandfire:dragon_texture_black_2falsetruetruetruefalse" : "sprite:iceandfire/dragon/black_2.png",
        "iceandfire:dragon_texture_black_2falsetruetruefalsetrue" : "sprite:iceandfire/dragon/black_2.png",
        "iceandfire:dragon_texture_black_2falsetruetruefalsefalse" : "sprite:iceandfire/dragon/black_2.png",
        "iceandfire:dragon_texture_black_2falsetruefalsetruetrue" : "sprite:iceandfire/dragon/black_2.png",
        "iceandfire:dragon_texture_black_2falsetruefalsetruefalse" : "sprite:iceandfire/dragon/black_2.png",
        "iceandfire:dragon_texture_black_2falsetruefalsefalsetrue" : "sprite:iceandfire/dragon/black_2.png",
        "iceandfire:dragon_texture_black_2falsetruefalsefalsefalse" : "sprite:iceandfire/dragon/black_2.png",
        "iceandfire:dragon_texture_black_2falsefalsetruetruetrue" : "sprite:iceandfire/dragon/black_2.png",
        "iceandfire:dragon_texture_black_2falsefalsetruetruefalse" : "sprite:iceandfire/dragon/black_2.png",
        "iceandfire:dragon_texture_black_2falsefalsetruefalsetrue" : "sprite:iceandfire/dragon/black_2.png",
        "iceandfire:dragon_texture_black_2falsefalsetruefalsefalse" : "sprite:iceandfire/dragon/black_2.png",
        "iceandfire:dragon_texture_black_2falsefalsefalsetruetrue" : "sprite:iceandfire/dragon/black_2.png",
        "iceandfire:dragon_texture_black_2falsefalsefalsetruefalse" : "sprite:iceandfire/dragon/black_2.png",
        "iceandfire:dragon_texture_black_2falsefalsefalsefalsetrue" : "sprite:iceandfire/dragon/black_2.png",
        "iceandfire:dragon_texture_black_2falsefalsefalsefalsefalse" : "sprite:iceandfire/dragon/black_2.png",
        "iceandfire:dragon_texture_copper_2truetruetruetruetrue" : "sprite:iceandfire/dragon/copper_2.png",
        "iceandfire:dragon_texture_copper_2truetruetruetruefalse" : "sprite:iceandfire/dragon/copper_2.png",
        "iceandfire:dragon_texture_copper_2truetruetruefalsetrue" : "sprite:iceandfire/dragon/copper_2.png",
        "iceandfire:dragon_texture_copper_2truetruetruefalsefalse" : "sprite:iceandfire/dragon/copper_2.png",
        "iceandfire:dragon_texture_copper_2truetruefalsetruetrue" : "sprite:iceandfire/dragon/copper_2.png",
        "iceandfire:dragon_texture_copper_2truetruefalsetruefalse" : "sprite:iceandfire/dragon/copper_2.png",
        "iceandfire:dragon_texture_copper_2truetruefalsefalsetrue" : "sprite:iceandfire/dragon/copper_2.png",
        "iceandfire:dragon_texture_copper_2truetruefalsefalsefalse" : "sprite:iceandfire/dragon/copper_2.png",
        "iceandfire:dragon_texture_copper_2truefalsetruetruetrue" : "sprite:iceandfire/dragon/copper_2.png",
        "iceandfire:dragon_texture_copper_2truefalsetruetruefalse" : "sprite:iceandfire/dragon/copper_2.png",
        "iceandfire:dragon_texture_copper_2truefalsetruefalsetrue" : "sprite:iceandfire/dragon/copper_2.png",
        "iceandfire:dragon_texture_copper_2truefalsetruefalsefalse" : "sprite:iceandfire/dragon/copper_2.png",
        "iceandfire:dragon_texture_copper_2truefalsefalsetruetrue" : "sprite:iceandfire/dragon/copper_2.png",
        "iceandfire:dragon_texture_copper_2truefalsefalsetruefalse" : "sprite:iceandfire/dragon/copper_2.png",
        "iceandfire:dragon_texture_copper_2truefalsefalsefalsetrue" : "sprite:iceandfire/dragon/copper_2.png",
        "iceandfire:dragon_texture_copper_2truefalsefalsefalsefalse" : "sprite:iceandfire/dragon/copper_2.png",
        "iceandfire:dragon_texture_copper_2falsetruetruetruetrue" : "sprite:iceandfire/dragon/copper_2.png",
        "iceandfire:dragon_texture_copper_2falsetruetruetruefalse" : "sprite:iceandfire/dragon/copper_2.png",
        "iceandfire:dragon_texture_copper_2falsetruetruefalsetrue" : "sprite:iceandfire/dragon/copper_2.png",
        "iceandfire:dragon_texture_copper_2falsetruetruefalsefalse" : "sprite:iceandfire/dragon/copper_2.png",
        "iceandfire:dragon_texture_copper_2falsetruefalsetruetrue" : "sprite:iceandfire/dragon/copper_2.png",
        "iceandfire:dragon_texture_copper_2falsetruefalsetruefalse" : "sprite:iceandfire/dragon/copper_2.png",
        "iceandfire:dragon_texture_copper_2falsetruefalsefalsetrue" : "sprite:iceandfire/dragon/copper_2.png",
        "iceandfire:dragon_texture_copper_2falsetruefalsefalsefalse" : "sprite:iceandfire/dragon/copper_2.png",
        "iceandfire:dragon_texture_copper_2falsefalsetruetruetrue" : "sprite:iceandfire/dragon/copper_2.png",
        "iceandfire:dragon_texture_copper_2falsefalsetruetruefalse" : "sprite:iceandfire/dragon/copper_2.png",
        "iceandfire:dragon_texture_copper_2falsefalsetruefalsetrue" : "sprite:iceandfire/dragon/copper_2.png",
        "iceandfire:dragon_texture_copper_2falsefalsetruefalsefalse" : "sprite:iceandfire/dragon/copper_2.png",
        "iceandfire:dragon_texture_copper_2falsefalsefalsetruetrue" : "sprite:iceandfire/dragon/copper_2.png",
        "iceandfire:dragon_texture_copper_2falsefalsefalsetruefalse" : "sprite:iceandfire/dragon/copper_2.png",
        "iceandfire:dragon_texture_copper_2falsefalsefalsefalsetrue" : "sprite:iceandfire/dragon/copper_2.png",
        "iceandfire:dragon_texture_copper_2falsefalsefalsefalsefalse" : "sprite:iceandfire/dragon/copper_2.png",
        "iceandfire:dragon_texture_electric_2truetruetruetruetrue" : "sprite:iceandfire/dragon/electric_2.png",
        "iceandfire:dragon_texture_electric_2truetruetruetruefalse" : "sprite:iceandfire/dragon/electric_2.png",
        "iceandfire:dragon_texture_electric_2truetruetruefalsetrue" : "sprite:iceandfire/dragon/electric_2.png",
        "iceandfire:dragon_texture_electric_2truetruetruefalsefalse" : "sprite:iceandfire/dragon/electric_2.png",
        "iceandfire:dragon_texture_electric_2truetruefalsetruetrue" : "sprite:iceandfire/dragon/electric_2.png",
        "iceandfire:dragon_texture_electric_2truetruefalsetruefalse" : "sprite:iceandfire/dragon/electric_2.png",
        "iceandfire:dragon_texture_electric_2truetruefalsefalsetrue" : "sprite:iceandfire/dragon/electric_2.png",
        "iceandfire:dragon_texture_electric_2truetruefalsefalsefalse" : "sprite:iceandfire/dragon/electric_2.png",
        "iceandfire:dragon_texture_electric_2truefalsetruetruetrue" : "sprite:iceandfire/dragon/electric_2.png",
        "iceandfire:dragon_texture_electric_2truefalsetruetruefalse" : "sprite:iceandfire/dragon/electric_2.png",
        "iceandfire:dragon_texture_electric_2truefalsetruefalsetrue" : "sprite:iceandfire/dragon/electric_2.png",
        "iceandfire:dragon_texture_electric_2truefalsetruefalsefalse" : "sprite:iceandfire/dragon/electric_2.png",
        "iceandfire:dragon_texture_electric_2truefalsefalsetruetrue" : "sprite:iceandfire/dragon/electric_2.png",
        "iceandfire:dragon_texture_electric_2truefalsefalsetruefalse" : "sprite:iceandfire/dragon/electric_2.png",
        "iceandfire:dragon_texture_electric_2truefalsefalsefalsetrue" : "sprite:iceandfire/dragon/electric_2.png",
        "iceandfire:dragon_texture_electric_2truefalsefalsefalsefalse" : "sprite:iceandfire/dragon/electric_2.png",
        "iceandfire:dragon_texture_electric_2falsetruetruetruetrue" : "sprite:iceandfire/dragon/electric_2.png",
        "iceandfire:dragon_texture_electric_2falsetruetruetruefalse" : "sprite:iceandfire/dragon/electric_2.png",
        "iceandfire:dragon_texture_electric_2falsetruetruefalsetrue" : "sprite:iceandfire/dragon/electric_2.png",
        "iceandfire:dragon_texture_electric_2falsetruetruefalsefalse" : "sprite:iceandfire/dragon/electric_2.png",
        "iceandfire:dragon_texture_electric_2falsetruefalsetruetrue" : "sprite:iceandfire/dragon/electric_2.png",
        "iceandfire:dragon_texture_electric_2falsetruefalsetruefalse" : "sprite:iceandfire/dragon/electric_2.png",
        "iceandfire:dragon_texture_electric_2falsetruefalsefalsetrue" : "sprite:iceandfire/dragon/electric_2.png",
        "iceandfire:dragon_texture_electric_2falsetruefalsefalsefalse" : "sprite:iceandfire/dragon/electric_2.png",
        "iceandfire:dragon_texture_electric_2falsefalsetruetruetrue" : "sprite:iceandfire/dragon/electric_2.png",
        "iceandfire:dragon_texture_electric_2falsefalsetruetruefalse" : "sprite:iceandfire/dragon/electric_2.png",
        "iceandfire:dragon_texture_electric_2falsefalsetruefalsetrue" : "sprite:iceandfire/dragon/electric_2.png",
        "iceandfire:dragon_texture_electric_2falsefalsetruefalsefalse" : "sprite:iceandfire/dragon/electric_2.png",
        "iceandfire:dragon_texture_electric_2falsefalsefalsetruetrue" : "sprite:iceandfire/dragon/electric_2.png",
        "iceandfire:dragon_texture_electric_2falsefalsefalsetruefalse" : "sprite:iceandfire/dragon/electric_2.png",
        "iceandfire:dragon_texture_electric_2falsefalsefalsefalsetrue" : "sprite:iceandfire/dragon/electric_2.png",
        "iceandfire:dragon_texture_electric_2falsefalsefalsefalsefalse" : "sprite:iceandfire/dragon/electric_2.png",
        "iceandfire:dragon_texture_amythest_3truetruetruetruefalse" : "sprite:iceandfire/dragon/amythest_3.png",
        "iceandfire:dragon_texture_amythest_3truetruetruefalsetrue" : "sprite:iceandfire/dragon/amythest_3.png",
        "iceandfire:dragon_texture_amythest_3truetruetruefalsefalse" : "sprite:iceandfire/dragon/amythest_3.png",
        "iceandfire:dragon_texture_amythest_3truetruefalsetruetrue" : "sprite:iceandfire/dragon/amythest_3.png",
        "iceandfire:dragon_texture_amythest_3truetruefalsetruefalse" : "sprite:iceandfire/dragon/amythest_3.png",
        "iceandfire:dragon_texture_amythest_3truetruefalsefalsetrue" : "sprite:iceandfire/dragon/amythest_3.png",
        "iceandfire:dragon_texture_amythest_3truetruefalsefalsefalse" : "sprite:iceandfire/dragon/amythest_3.png",
        "iceandfire:dragon_texture_amythest_3truefalsetruetruetrue" : "sprite:iceandfire/dragon/amythest_3.png",
        "iceandfire:dragon_texture_amythest_3truefalsetruetruefalse" : "sprite:iceandfire/dragon/amythest_3.png",
        "iceandfire:dragon_texture_amythest_3truefalsetruefalsetrue" : "sprite:iceandfire/dragon/amythest_3.png",
        "iceandfire:dragon_texture_amythest_3truefalsetruefalsefalse" : "sprite:iceandfire/dragon/amythest_3.png",
        "iceandfire:dragon_texture_amythest_3truefalsefalsetruetrue" : "sprite:iceandfire/dragon/amythest_3.png",
        "iceandfire:dragon_texture_amythest_3truefalsefalsetruefalse" : "sprite:iceandfire/dragon/amythest_3.png",
        "iceandfire:dragon_texture_amythest_3truefalsefalsefalsetrue" : "sprite:iceandfire/dragon/amythest_3.png",
        "iceandfire:dragon_texture_amythest_3truefalsefalsefalsefalse" : "sprite:iceandfire/dragon/amythest_3.png",
        "iceandfire:dragon_texture_amythest_3falsetruetruetruetrue" : "sprite:iceandfire/dragon/amythest_3.png",
        "iceandfire:dragon_texture_amythest_3falsetruetruetruefalse" : "sprite:iceandfire/dragon/amythest_3.png",
        "iceandfire:dragon_texture_amythest_3falsetruetruefalsetrue" : "sprite:iceandfire/dragon/amythest_3.png",
        "iceandfire:dragon_texture_amythest_3falsetruetruefalsefalse" : "sprite:iceandfire/dragon/amythest_3.png",
        "iceandfire:dragon_texture_amythest_3falsetruefalsetruetrue" : "sprite:iceandfire/dragon/amythest_3.png",
        "iceandfire:dragon_texture_amythest_3falsetruefalsetruefalse" : "sprite:iceandfire/dragon/amythest_3.png",
        "iceandfire:dragon_texture_amythest_3falsetruefalsefalsetrue" : "sprite:iceandfire/dragon/amythest_3.png",
        "iceandfire:dragon_texture_amythest_3falsetruefalsefalsefalse" : "sprite:iceandfire/dragon/amythest_3.png",
        "iceandfire:dragon_texture_amythest_3falsefalsetruetruetrue" : "sprite:iceandfire/dragon/amythest_3.png",
        "iceandfire:dragon_texture_amythest_3falsefalsetruetruefalse" : "sprite:iceandfire/dragon/amythest_3.png",
        "iceandfire:dragon_texture_amythest_3falsefalsetruefalsetrue" : "sprite:iceandfire/dragon/amythest_3.png",
        "iceandfire:dragon_texture_amythest_3falsefalsetruefalsefalse" : "sprite:iceandfire/dragon/amythest_3.png",
        "iceandfire:dragon_texture_amythest_3falsefalsefalsetruetrue" : "sprite:iceandfire/dragon/amythest_3.png",
        "iceandfire:dragon_texture_amythest_3falsefalsefalsetruefalse" : "sprite:iceandfire/dragon/amythest_3.png",
        "iceandfire:dragon_texture_amythest_3falsefalsefalsefalsetrue" : "sprite:iceandfire/dragon/amythest_3.png",
        "iceandfire:dragon_texture_amythest_3falsefalsefalsefalsefalse" : "sprite:iceandfire/dragon/amythest_3.png",
        "iceandfire:dragon_texture_black_3truetruetruetruetrue" : "sprite:iceandfire/dragon/black_3.png",
        "iceandfire:dragon_texture_black_3truetruetruetruefalse" : "sprite:iceandfire/dragon/black_3.png",
        "iceandfire:dragon_texture_black_3truetruetruefalsetrue" : "sprite:iceandfire/dragon/black_3.png",
        "iceandfire:dragon_texture_black_3truetruetruefalsefalse" : "sprite:iceandfire/dragon/black_3.png",
        "iceandfire:dragon_texture_black_3truetruefalsetruetrue" : "sprite:iceandfire/dragon/black_3.png",
        "iceandfire:dragon_texture_black_3truetruefalsetruefalse" : "sprite:iceandfire/dragon/black_3.png",
        "iceandfire:dragon_texture_black_3truetruefalsefalsetrue" : "sprite:iceandfire/dragon/black_3.png",
        "iceandfire:dragon_texture_black_3truetruefalsefalsefalse" : "sprite:iceandfire/dragon/black_3.png",
        "iceandfire:dragon_texture_black_3truefalsetruetruetrue" : "sprite:iceandfire/dragon/black_3.png",
        "iceandfire:dragon_texture_black_3truefalsetruetruefalse" : "sprite:iceandfire/dragon/black_3.png",
        "iceandfire:dragon_texture_black_3truefalsetruefalsetrue" : "sprite:iceandfire/dragon/black_3.png",
        "iceandfire:dragon_texture_black_3truefalsetruefalsefalse" : "sprite:iceandfire/dragon/black_3.png",
        "iceandfire:dragon_texture_black_3truefalsefalsetruetrue" : "sprite:iceandfire/dragon/black_3.png",
        "iceandfire:dragon_texture_black_3truefalsefalsetruefalse" : "sprite:iceandfire/dragon/black_3.png",
        "iceandfire:dragon_texture_black_3truefalsefalsefalsetrue" : "sprite:iceandfire/dragon/black_3.png",
        "iceandfire:dragon_texture_black_3truefalsefalsefalsefalse" : "sprite:iceandfire/dragon/black_3.png",
        "iceandfire:dragon_texture_black_3falsetruetruetruetrue" : "sprite:iceandfire/dragon/black_3.png",
        "iceandfire:dragon_texture_black_3falsetruetruetruefalse" : "sprite:iceandfire/dragon/black_3.png",
        "iceandfire:dragon_texture_black_3falsetruetruefalsetrue" : "sprite:iceandfire/dragon/black_3.png",
        "iceandfire:dragon_texture_black_3falsetruetruefalsefalse" : "sprite:iceandfire/dragon/black_3.png",
        "iceandfire:dragon_texture_black_3falsetruefalsetruetrue" : "sprite:iceandfire/dragon/black_3.png",
        "iceandfire:dragon_texture_black_3falsetruefalsetruefalse" : "sprite:iceandfire/dragon/black_3.png",
        "iceandfire:dragon_texture_black_3falsetruefalsefalsetrue" : "sprite:iceandfire/dragon/black_3.png",
        "iceandfire:dragon_texture_black_3falsetruefalsefalsefalse" : "sprite:iceandfire/dragon/black_3.png",
        "iceandfire:dragon_texture_black_3falsefalsetruetruetrue" : "sprite:iceandfire/dragon/black_3.png",
        "iceandfire:dragon_texture_black_3falsefalsetruetruefalse" : "sprite:iceandfire/dragon/black_3.png",
        "iceandfire:dragon_texture_black_3falsefalsetruefalsetrue" : "sprite:iceandfire/dragon/black_3.png",
        "iceandfire:dragon_texture_black_3falsefalsetruefalsefalse" : "sprite:iceandfire/dragon/black_3.png",
        "iceandfire:dragon_texture_black_3falsefalsefalsetruetrue" : "sprite:iceandfire/dragon/black_3.png",
        "iceandfire:dragon_texture_black_3falsefalsefalsetruefalse" : "sprite:iceandfire/dragon/black_3.png",
        "iceandfire:dragon_texture_black_3falsefalsefalsefalsetrue" : "sprite:iceandfire/dragon/black_3.png",
        "iceandfire:dragon_texture_black_3falsefalsefalsefalsefalse" : "sprite:iceandfire/dragon/black_3.png",
        "iceandfire:dragon_texture_copper_3truetruetruetruetrue" : "sprite:iceandfire/dragon/copper_3.png",
        "iceandfire:dragon_texture_copper_3truetruetruetruefalse" : "sprite:iceandfire/dragon/copper_3.png",
        "iceandfire:dragon_texture_copper_3truetruetruefalsetrue" : "sprite:iceandfire/dragon/copper_3.png",
        "iceandfire:dragon_texture_copper_3truetruetruefalsefalse" : "sprite:iceandfire/dragon/copper_3.png",
        "iceandfire:dragon_texture_copper_3truetruefalsetruetrue" : "sprite:iceandfire/dragon/copper_3.png",
        "iceandfire:dragon_texture_copper_3truetruefalsetruefalse" : "sprite:iceandfire/dragon/copper_3.png",
        "iceandfire:dragon_texture_copper_3truetruefalsefalsetrue" : "sprite:iceandfire/dragon/copper_3.png",
        "iceandfire:dragon_texture_copper_3truetruefalsefalsefalse" : "sprite:iceandfire/dragon/copper_3.png",
        "iceandfire:dragon_texture_copper_3truefalsetruetruetrue" : "sprite:iceandfire/dragon/copper_3.png",
        "iceandfire:dragon_texture_copper_3truefalsetruetruefalse" : "sprite:iceandfire/dragon/copper_3.png",
        "iceandfire:dragon_texture_copper_3truefalsetruefalsetrue" : "sprite:iceandfire/dragon/copper_3.png",
        "iceandfire:dragon_texture_copper_3truefalsetruefalsefalse" : "sprite:iceandfire/dragon/copper_3.png",
        "iceandfire:dragon_texture_copper_3truefalsefalsetruetrue" : "sprite:iceandfire/dragon/copper_3.png",
        "iceandfire:dragon_texture_copper_3truefalsefalsetruefalse" : "sprite:iceandfire/dragon/copper_3.png",
        "iceandfire:dragon_texture_copper_3truefalsefalsefalsetrue" : "sprite:iceandfire/dragon/copper_3.png",
        "iceandfire:dragon_texture_copper_3truefalsefalsefalsefalse" : "sprite:iceandfire/dragon/copper_3.png",
        "iceandfire:dragon_texture_copper_3falsetruetruetruetrue" : "sprite:iceandfire/dragon/copper_3.png",
        "iceandfire:dragon_texture_copper_3falsetruetruetruefalse" : "sprite:iceandfire/dragon/copper_3.png",
        "iceandfire:dragon_texture_copper_3falsetruetruefalsetrue" : "sprite:iceandfire/dragon/copper_3.png",
        "iceandfire:dragon_texture_copper_3falsetruetruefalsefalse" : "sprite:iceandfire/dragon/copper_3.png",
        "iceandfire:dragon_texture_copper_3falsetruefalsetruetrue" : "sprite:iceandfire/dragon/copper_3.png",
        "iceandfire:dragon_texture_copper_3falsetruefalsetruefalse" : "sprite:iceandfire/dragon/copper_3.png",
        "iceandfire:dragon_texture_copper_3falsetruefalsefalsetrue" : "sprite:iceandfire/dragon/copper_3.png",
        "iceandfire:dragon_texture_copper_3falsetruefalsefalsefalse" : "sprite:iceandfire/dragon/copper_3.png",
        "iceandfire:dragon_texture_copper_3falsefalsetruetruetrue" : "sprite:iceandfire/dragon/copper_3.png",
        "iceandfire:dragon_texture_copper_3falsefalsetruetruefalse" : "sprite:iceandfire/dragon/copper_3.png",
        "iceandfire:dragon_texture_copper_3falsefalsetruefalsetrue" : "sprite:iceandfire/dragon/copper_3.png",
        "iceandfire:dragon_texture_copper_3falsefalsetruefalsefalse" : "sprite:iceandfire/dragon/copper_3.png",
        "iceandfire:dragon_texture_copper_3falsefalsefalsetruetrue" : "sprite:iceandfire/dragon/copper_3.png",
        "iceandfire:dragon_texture_copper_3falsefalsefalsetruefalse" : "sprite:iceandfire/dragon/copper_3.png",
        "iceandfire:dragon_texture_copper_3falsefalsefalsefalsetrue" : "sprite:iceandfire/dragon/copper_3.png",
        "iceandfire:dragon_texture_copper_3falsefalsefalsefalsefalse" : "sprite:iceandfire/dragon/copper_3.png",
        "iceandfire:dragon_texture_electric_3truetruetruetruetrue" : "sprite:iceandfire/dragon/electric_3.png",
        "iceandfire:dragon_texture_electric_3truetruetruetruefalse" : "sprite:iceandfire/dragon/electric_3.png",
        "iceandfire:dragon_texture_electric_3truetruetruefalsetrue" : "sprite:iceandfire/dragon/electric_3.png",
        "iceandfire:dragon_texture_electric_3truetruetruefalsefalse" : "sprite:iceandfire/dragon/electric_3.png",
        "iceandfire:dragon_texture_electric_3truetruefalsetruetrue" : "sprite:iceandfire/dragon/electric_3.png",
        "iceandfire:dragon_texture_electric_3truetruefalsetruefalse" : "sprite:iceandfire/dragon/electric_3.png",
        "iceandfire:dragon_texture_electric_3truetruefalsefalsetrue" : "sprite:iceandfire/dragon/electric_3.png",
        "iceandfire:dragon_texture_electric_3truetruefalsefalsefalse" : "sprite:iceandfire/dragon/electric_3.png",
        "iceandfire:dragon_texture_electric_3truefalsetruetruetrue" : "sprite:iceandfire/dragon/electric_3.png",
        "iceandfire:dragon_texture_electric_3truefalsetruetruefalse" : "sprite:iceandfire/dragon/electric_3.png",
        "iceandfire:dragon_texture_electric_3truefalsetruefalsetrue" : "sprite:iceandfire/dragon/electric_3.png",
        "iceandfire:dragon_texture_electric_3truefalsetruefalsefalse" : "sprite:iceandfire/dragon/electric_3.png",
        "iceandfire:dragon_texture_electric_3truefalsefalsetruetrue" : "sprite:iceandfire/dragon/electric_3.png",
        "iceandfire:dragon_texture_electric_3truefalsefalsetruefalse" : "sprite:iceandfire/dragon/electric_3.png",
        "iceandfire:dragon_texture_electric_3truefalsefalsefalsetrue" : "sprite:iceandfire/dragon/electric_3.png",
        "iceandfire:dragon_texture_electric_3truefalsefalsefalsefalse" : "sprite:iceandfire/dragon/electric_3.png",
        "iceandfire:dragon_texture_electric_3falsetruetruetruetrue" : "sprite:iceandfire/dragon/electric_3.png",
        "iceandfire:dragon_texture_electric_3falsetruetruetruefalse" : "sprite:iceandfire/dragon/electric_3.png",
        "iceandfire:dragon_texture_electric_3falsetruetruefalsetrue" : "sprite:iceandfire/dragon/electric_3.png",
        "iceandfire:dragon_texture_electric_3falsetruetruefalsefalse" : "sprite:iceandfire/dragon/electric_3.png",
        "iceandfire:dragon_texture_electric_3falsetruefalsetruetrue" : "sprite:iceandfire/dragon/electric_3.png",
        "iceandfire:dragon_texture_electric_3falsetruefalsetruefalse" : "sprite:iceandfire/dragon/electric_3.png",
        "iceandfire:dragon_texture_electric_3falsetruefalsefalsetrue" : "sprite:iceandfire/dragon/electric_3.png",
        "iceandfire:dragon_texture_electric_3falsetruefalsefalsefalse" : "sprite:iceandfire/dragon/electric_3.png",
        "iceandfire:dragon_texture_electric_3falsefalsetruetruetrue" : "sprite:iceandfire/dragon/electric_3.png",
        "iceandfire:dragon_texture_electric_3falsefalsetruetruefalse" : "sprite:iceandfire/dragon/electric_3.png",
        "iceandfire:dragon_texture_electric_3falsefalsetruefalsetrue" : "sprite:iceandfire/dragon/electric_3.png",
        "iceandfire:dragon_texture_electric_3falsefalsetruefalsefalse" : "sprite:iceandfire/dragon/electric_3.png",
        "iceandfire:dragon_texture_electric_3falsefalsefalsetruetrue" : "sprite:iceandfire/dragon/electric_3.png",
        "iceandfire:dragon_texture_electric_3falsefalsefalsetruefalse" : "sprite:iceandfire/dragon/electric_3.png",
        "iceandfire:dragon_texture_electric_3falsefalsefalsefalsetrue" : "sprite:iceandfire/dragon/electric_3.png",
        "iceandfire:dragon_texture_electric_3falsefalsefalsefalsefalse" : "sprite:iceandfire/dragon/electric_3.png",
        "iceandfire:dragon_texture_amythest_4truetruetruetruetrue" : "sprite:iceandfire/dragon/amythest_4.png",
        "iceandfire:dragon_texture_amythest_4truetruetruetruefalse" : "sprite:iceandfire/dragon/amythest_4.png",
        "iceandfire:dragon_texture_amythest_4truetruetruefalsetrue" : "sprite:iceandfire/dragon/amythest_4.png",
        "iceandfire:dragon_texture_amythest_4truetruetruefalsefalse" : "sprite:iceandfire/dragon/amythest_4.png",
        "iceandfire:dragon_texture_amythest_4truetruefalsetruetrue" : "sprite:iceandfire/dragon/amythest_4.png",
        "iceandfire:dragon_texture_amythest_4truetruefalsetruefalse" : "sprite:iceandfire/dragon/amythest_4.png",
        "iceandfire:dragon_texture_amythest_4truetruefalsefalsetrue" : "sprite:iceandfire/dragon/amythest_4.png",
        "iceandfire:dragon_texture_amythest_4truetruefalsefalsefalse" : "sprite:iceandfire/dragon/amythest_4.png",
        "iceandfire:dragon_texture_amythest_4truefalsetruetruetrue" : "sprite:iceandfire/dragon/amythest_4.png",
        "iceandfire:dragon_texture_amythest_4truefalsetruetruefalse" : "sprite:iceandfire/dragon/amythest_4.png",
        "iceandfire:dragon_texture_amythest_4truefalsetruefalsetrue" : "sprite:iceandfire/dragon/amythest_4.png",
        "iceandfire:dragon_texture_amythest_4truefalsetruefalsefalse" : "sprite:iceandfire/dragon/amythest_4.png",
        "iceandfire:dragon_texture_amythest_4truefalsefalsetruetrue" : "sprite:iceandfire/dragon/amythest_4.png",
        "iceandfire:dragon_texture_amythest_4truefalsefalsetruefalse" : "sprite:iceandfire/dragon/amythest_4.png",
        "iceandfire:dragon_texture_amythest_4truefalsefalsefalsetrue" : "sprite:iceandfire/dragon/amythest_4.png",
        "iceandfire:dragon_texture_amythest_4truefalsefalsefalsefalse" : "sprite:iceandfire/dragon/amythest_4.png",
        "iceandfire:dragon_texture_amythest_4falsetruetruetruetrue" : "sprite:iceandfire/dragon/amythest_4.png",
        "iceandfire:dragon_texture_amythest_4falsetruetruetruefalse" : "sprite:iceandfire/dragon/amythest_4.png",
        "iceandfire:dragon_texture_amythest_4falsetruetruefalsetrue" : "sprite:iceandfire/dragon/amythest_4.png",
        "iceandfire:dragon_texture_amythest_4falsetruetruefalsefalse" : "sprite:iceandfire/dragon/amythest_4.png",
        "iceandfire:dragon_texture_amythest_4falsetruefalsetruetrue" : "sprite:iceandfire/dragon/amythest_4.png",
        "iceandfire:dragon_texture_amythest_4falsetruefalsetruefalse" : "sprite:iceandfire/dragon/amythest_4.png",
        "iceandfire:dragon_texture_amythest_4falsetruefalsefalsetrue" : "sprite:iceandfire/dragon/amythest_4.png",
        "iceandfire:dragon_texture_amythest_4falsetruefalsefalsefalse" : "sprite:iceandfire/dragon/amythest_4.png",
        "iceandfire:dragon_texture_amythest_4falsefalsetruetruetrue" : "sprite:iceandfire/dragon/amythest_4.png",
        "iceandfire:dragon_texture_amythest_4falsefalsetruetruefalse" : "sprite:iceandfire/dragon/amythest_4.png",
        "iceandfire:dragon_texture_amythest_4falsefalsetruefalsetrue" : "sprite:iceandfire/dragon/amythest_4.png",
        "iceandfire:dragon_texture_amythest_4falsefalsetruefalsefalse" : "sprite:iceandfire/dragon/amythest_4.png",
        "iceandfire:dragon_texture_amythest_4falsefalsefalsetruetrue" : "sprite:iceandfire/dragon/amythest_4.png",
        "iceandfire:dragon_texture_amythest_4falsefalsefalsetruefalse" : "sprite:iceandfire/dragon/amythest_4.png",
        "iceandfire:dragon_texture_amythest_4falsefalsefalsefalsetrue" : "sprite:iceandfire/dragon/amythest_4.png",
        "iceandfire:dragon_texture_amythest_4falsefalsefalsefalsefalse" : "sprite:iceandfire/dragon/amythest_4.png",
        "iceandfire:dragon_texture_black_4truetruetruetruetrue" : "sprite:iceandfire/dragon/black_4.png",
        "iceandfire:dragon_texture_black_4truetruetruetruefalse" : "sprite:iceandfire/dragon/black_4.png",
        "iceandfire:dragon_texture_black_4truetruetruefalsetrue" : "sprite:iceandfire/dragon/black_4.png",
        "iceandfire:dragon_texture_black_4truetruetruefalsefalse" : "sprite:iceandfire/dragon/black_4.png",
        "iceandfire:dragon_texture_black_4truetruefalsetruetrue" : "sprite:iceandfire/dragon/black_4.png",
        "iceandfire:dragon_texture_black_4truetruefalsetruefalse" : "sprite:iceandfire/dragon/black_4.png",
        "iceandfire:dragon_texture_black_4truetruefalsefalsetrue" : "sprite:iceandfire/dragon/black_4.png",
        "iceandfire:dragon_texture_black_4truetruefalsefalsefalse" : "sprite:iceandfire/dragon/black_4.png",
        "iceandfire:dragon_texture_black_4truefalsetruetruetrue" : "sprite:iceandfire/dragon/black_4.png",
        "iceandfire:dragon_texture_black_4truefalsetruetruefalse" : "sprite:iceandfire/dragon/black_4.png",
        "iceandfire:dragon_texture_black_4truefalsetruefalsetrue" : "sprite:iceandfire/dragon/black_4.png",
        "iceandfire:dragon_texture_black_4truefalsetruefalsefalse" : "sprite:iceandfire/dragon/black_4.png",
        "iceandfire:dragon_texture_black_4truefalsefalsetruetrue" : "sprite:iceandfire/dragon/black_4.png",
        "iceandfire:dragon_texture_black_4truefalsefalsetruefalse" : "sprite:iceandfire/dragon/black_4.png",
        "iceandfire:dragon_texture_black_4truefalsefalsefalsetrue" : "sprite:iceandfire/dragon/black_4.png",
        "iceandfire:dragon_texture_black_4truefalsefalsefalsefalse" : "sprite:iceandfire/dragon/black_4.png",
        "iceandfire:dragon_texture_black_4falsetruetruetruetrue" : "sprite:iceandfire/dragon/black_4.png",
        "iceandfire:dragon_texture_black_4falsetruetruetruefalse" : "sprite:iceandfire/dragon/black_4.png",
        "iceandfire:dragon_texture_black_4falsetruetruefalsetrue" : "sprite:iceandfire/dragon/black_4.png",
        "iceandfire:dragon_texture_black_4falsetruetruefalsefalse" : "sprite:iceandfire/dragon/black_4.png",
        "iceandfire:dragon_texture_black_4falsetruefalsetruetrue" : "sprite:iceandfire/dragon/black_4.png",
        "iceandfire:dragon_texture_black_4falsetruefalsetruefalse" : "sprite:iceandfire/dragon/black_4.png",
        "iceandfire:dragon_texture_black_4falsetruefalsefalsetrue" : "sprite:iceandfire/dragon/black_4.png",
        "iceandfire:dragon_texture_black_4falsetruefalsefalsefalse" : "sprite:iceandfire/dragon/black_4.png",
        "iceandfire:dragon_texture_black_4falsefalsetruetruetrue" : "sprite:iceandfire/dragon/black_4.png",
        "iceandfire:dragon_texture_black_4falsefalsetruetruefalse" : "sprite:iceandfire/dragon/black_4.png",
        "iceandfire:dragon_texture_black_4falsefalsetruefalsetrue" : "sprite:iceandfire/dragon/black_4.png",
        "iceandfire:dragon_texture_black_4falsefalsetruefalsefalse" : "sprite:iceandfire/dragon/black_4.png",
        "iceandfire:dragon_texture_black_4falsefalsefalsetruetrue" : "sprite:iceandfire/dragon/black_4.png",
        "iceandfire:dragon_texture_black_4falsefalsefalsetruefalse" : "sprite:iceandfire/dragon/black_4.png",
        "iceandfire:dragon_texture_black_4falsefalsefalsefalsetrue" : "sprite:iceandfire/dragon/black_4.png",
        "iceandfire:dragon_texture_black_4falsefalsefalsefalsefalse" : "sprite:iceandfire/dragon/black_4.png",
        "iceandfire:dragon_texture_copper_4truetruetruetruetrue" : "sprite:iceandfire/dragon/copper_4.png",
        "iceandfire:dragon_texture_copper_4truetruetruetruefalse" : "sprite:iceandfire/dragon/copper_4.png",
        "iceandfire:dragon_texture_copper_4truetruetruefalsetrue" : "sprite:iceandfire/dragon/copper_4.png",
        "iceandfire:dragon_texture_copper_4truetruetruefalsefalse" : "sprite:iceandfire/dragon/copper_4.png",
        "iceandfire:dragon_texture_copper_4truetruefalsetruetrue" : "sprite:iceandfire/dragon/copper_4.png",
        "iceandfire:dragon_texture_copper_4truetruefalsetruefalse" : "sprite:iceandfire/dragon/copper_4.png",
        "iceandfire:dragon_texture_copper_4truetruefalsefalsetrue" : "sprite:iceandfire/dragon/copper_4.png",
        "iceandfire:dragon_texture_copper_4truetruefalsefalsefalse" : "sprite:iceandfire/dragon/copper_4.png",
        "iceandfire:dragon_texture_copper_4truefalsetruetruetrue" : "sprite:iceandfire/dragon/copper_4.png",
        "iceandfire:dragon_texture_copper_4truefalsetruetruefalse" : "sprite:iceandfire/dragon/copper_4.png",
        "iceandfire:dragon_texture_copper_4truefalsetruefalsetrue" : "sprite:iceandfire/dragon/copper_4.png",
        "iceandfire:dragon_texture_copper_4truefalsetruefalsefalse" : "sprite:iceandfire/dragon/copper_4.png",
        "iceandfire:dragon_texture_copper_4truefalsefalsetruetrue" : "sprite:iceandfire/dragon/copper_4.png",
        "iceandfire:dragon_texture_copper_4truefalsefalsetruefalse" : "sprite:iceandfire/dragon/copper_4.png",
        "iceandfire:dragon_texture_copper_4truefalsefalsefalsetrue" : "sprite:iceandfire/dragon/copper_4.png",
        "iceandfire:dragon_texture_copper_4truefalsefalsefalsefalse" : "sprite:iceandfire/dragon/copper_4.png",
        "iceandfire:dragon_texture_copper_4falsetruetruetruetrue" : "sprite:iceandfire/dragon/copper_4.png",
        "iceandfire:dragon_texture_copper_4falsetruetruetruefalse" : "sprite:iceandfire/dragon/copper_4.png",
        "iceandfire:dragon_texture_copper_4falsetruetruefalsetrue" : "sprite:iceandfire/dragon/copper_4.png",
        "iceandfire:dragon_texture_copper_4falsetruetruefalsefalse" : "sprite:iceandfire/dragon/copper_4.png",
        "iceandfire:dragon_texture_copper_4falsetruefalsetruetrue" : "sprite:iceandfire/dragon/copper_4.png",
        "iceandfire:dragon_texture_copper_4falsetruefalsetruefalse" : "sprite:iceandfire/dragon/copper_4.png",
        "iceandfire:dragon_texture_copper_4falsetruefalsefalsetrue" : "sprite:iceandfire/dragon/copper_4.png",
        "iceandfire:dragon_texture_copper_4falsetruefalsefalsefalse" : "sprite:iceandfire/dragon/copper_4.png",
        "iceandfire:dragon_texture_copper_4falsefalsetruetruetrue" : "sprite:iceandfire/dragon/copper_4.png",
        "iceandfire:dragon_texture_copper_4falsefalsetruetruefalse" : "sprite:iceandfire/dragon/copper_4.png",
        "iceandfire:dragon_texture_copper_4falsefalsetruefalsetrue" : "sprite:iceandfire/dragon/copper_4.png",
        "iceandfire:dragon_texture_copper_4falsefalsetruefalsefalse" : "sprite:iceandfire/dragon/copper_4.png",
        "iceandfire:dragon_texture_copper_4falsefalsefalsetruetrue" : "sprite:iceandfire/dragon/copper_4.png",
        "iceandfire:dragon_texture_copper_4falsefalsefalsetruefalse" : "sprite:iceandfire/dragon/copper_4.png",
        "iceandfire:dragon_texture_copper_4falsefalsefalsefalsetrue" : "sprite:iceandfire/dragon/copper_4.png",
        "iceandfire:dragon_texture_copper_4falsefalsefalsefalsefalse" : "sprite:iceandfire/dragon/copper_4.png",
        "iceandfire:dragon_texture_electric_4truetruetruetruetrue" : "sprite:iceandfire/dragon/electric_4.png",
        "iceandfire:dragon_texture_electric_4truetruetruetruefalse" : "sprite:iceandfire/dragon/electric_4.png",
        "iceandfire:dragon_texture_electric_4truetruetruefalsetrue" : "sprite:iceandfire/dragon/electric_4.png",
        "iceandfire:dragon_texture_electric_4truetruetruefalsefalse" : "sprite:iceandfire/dragon/electric_4.png",
        "iceandfire:dragon_texture_electric_4truetruefalsetruetrue" : "sprite:iceandfire/dragon/electric_4.png",
        "iceandfire:dragon_texture_electric_4truetruefalsetruefalse" : "sprite:iceandfire/dragon/electric_4.png",
        "iceandfire:dragon_texture_electric_4truetruefalsefalsetrue" : "sprite:iceandfire/dragon/electric_4.png",
        "iceandfire:dragon_texture_electric_4truetruefalsefalsefalse" : "sprite:iceandfire/dragon/electric_4.png",
        "iceandfire:dragon_texture_electric_4truefalsetruetruetrue" : "sprite:iceandfire/dragon/electric_4.png",
        "iceandfire:dragon_texture_electric_4truefalsetruetruefalse" : "sprite:iceandfire/dragon/electric_4.png",
        "iceandfire:dragon_texture_electric_4truefalsetruefalsetrue" : "sprite:iceandfire/dragon/electric_4.png",
        "iceandfire:dragon_texture_electric_4truefalsetruefalsefalse" : "sprite:iceandfire/dragon/electric_4.png",
        "iceandfire:dragon_texture_electric_4truefalsefalsetruetrue" : "sprite:iceandfire/dragon/electric_4.png",
        "iceandfire:dragon_texture_electric_4truefalsefalsetruefalse" : "sprite:iceandfire/dragon/electric_4.png",
        "iceandfire:dragon_texture_electric_4truefalsefalsefalsetrue" : "sprite:iceandfire/dragon/electric_4.png",
        "iceandfire:dragon_texture_electric_4truefalsefalsefalsefalse" : "sprite:iceandfire/dragon/electric_4.png",
        "iceandfire:dragon_texture_electric_4falsetruetruetruetrue" : "sprite:iceandfire/dragon/electric_4.png",
        "iceandfire:dragon_texture_electric_4falsetruetruetruefalse" : "sprite:iceandfire/dragon/electric_4.png",
        "iceandfire:dragon_texture_electric_4falsetruetruefalsetrue" : "sprite:iceandfire/dragon/electric_4.png",
        "iceandfire:dragon_texture_electric_4falsetruetruefalsefalse" : "sprite:iceandfire/dragon/electric_4.png",
        "iceandfire:dragon_texture_electric_4falsetruefalsetruetrue" : "sprite:iceandfire/dragon/electric_4.png",
        "iceandfire:dragon_texture_electric_4falsetruefalsetruefalse" : "sprite:iceandfire/dragon/electric_4.png",
        "iceandfire:dragon_texture_electric_4falsetruefalsefalsetrue" : "sprite:iceandfire/dragon/electric_4.png",
        "iceandfire:dragon_texture_electric_4falsetruefalsefalsefalse" : "sprite:iceandfire/dragon/electric_4.png",
        "iceandfire:dragon_texture_electric_4falsefalsetruetruetrue" : "sprite:iceandfire/dragon/electric_4.png",
        "iceandfire:dragon_texture_electric_4falsefalsetruetruefalse" : "sprite:iceandfire/dragon/electric_4.png",
        "iceandfire:dragon_texture_electric_4falsefalsetruefalsetrue" : "sprite:iceandfire/dragon/electric_4.png",
        "iceandfire:dragon_texture_electric_4falsefalsetruefalsefalse" : "sprite:iceandfire/dragon/electric_4.png",
        "iceandfire:dragon_texture_electric_4falsefalsefalsetruetrue" : "sprite:iceandfire/dragon/electric_4.png",
        "iceandfire:dragon_texture_electric_4falsefalsefalsetruefalse" : "sprite:iceandfire/dragon/electric_4.png",
        "iceandfire:dragon_texture_electric_4falsefalsefalsefalsetrue" : "sprite:iceandfire/dragon/electric_4.png",
        "iceandfire:dragon_texture_electric_4falsefalsefalsefalsefalse" : "sprite:iceandfire/dragon/electric_4.png",
        "iceandfire:dragon_texture_amythest_5truetruetruetruetrue" : "sprite:iceandfire/dragon/amythest_5.png",
        "iceandfire:dragon_texture_amythest_5truetruetruetruefalse" : "sprite:iceandfire/dragon/amythest_5.png",
        "iceandfire:dragon_texture_amythest_5truetruetruefalsetrue" : "sprite:iceandfire/dragon/amythest_5.png",
        "iceandfire:dragon_texture_amythest_5truetruetruefalsefalse" : "sprite:iceandfire/dragon/amythest_5.png",
        "iceandfire:dragon_texture_amythest_5truetruefalsetruetrue" : "sprite:iceandfire/dragon/amythest_5.png",
        "iceandfire:dragon_texture_amythest_5truetruefalsetruefalse" : "sprite:iceandfire/dragon/amythest_5.png",
        "iceandfire:dragon_texture_amythest_5truetruefalsefalsetrue" : "sprite:iceandfire/dragon/amythest_5.png",
        "iceandfire:dragon_texture_amythest_5truetruefalsefalsefalse" : "sprite:iceandfire/dragon/amythest_5.png",
        "iceandfire:dragon_texture_amythest_5truefalsetruetruetrue" : "sprite:iceandfire/dragon/amythest_5.png",
        "iceandfire:dragon_texture_amythest_5truefalsetruetruefalse" : "sprite:iceandfire/dragon/amythest_5.png",
        "iceandfire:dragon_texture_amythest_5truefalsetruefalsetrue" : "sprite:iceandfire/dragon/amythest_5.png",
        "iceandfire:dragon_texture_amythest_5truefalsetruefalsefalse" : "sprite:iceandfire/dragon/amythest_5.png",
        "iceandfire:dragon_texture_amythest_5truefalsefalsetruetrue" : "sprite:iceandfire/dragon/amythest_5.png",
        "iceandfire:dragon_texture_amythest_5truefalsefalsetruefalse" : "sprite:iceandfire/dragon/amythest_5.png",
        "iceandfire:dragon_texture_amythest_5truefalsefalsefalsetrue" : "sprite:iceandfire/dragon/amythest_5.png",
        "iceandfire:dragon_texture_amythest_5truefalsefalsefalsefalse" : "sprite:iceandfire/dragon/amythest_5.png",
        "iceandfire:dragon_texture_amythest_5falsetruetruetruetrue" : "sprite:iceandfire/dragon/amythest_5.png",
        "iceandfire:dragon_texture_amythest_5falsetruetruetruefalse" : "sprite:iceandfire/dragon/amythest_5.png",
        "iceandfire:dragon_texture_amythest_5falsetruetruefalsetrue" : "sprite:iceandfire/dragon/amythest_5.png",
        "iceandfire:dragon_texture_amythest_5falsetruetruefalsefalse" : "sprite:iceandfire/dragon/amythest_5.png",
        "iceandfire:dragon_texture_amythest_5falsetruefalsetruetrue" : "sprite:iceandfire/dragon/amythest_5.png",
        "iceandfire:dragon_texture_amythest_5falsetruefalsetruefalse" : "sprite:iceandfire/dragon/amythest_5.png",
        "iceandfire:dragon_texture_amythest_5falsetruefalsefalsetrue" : "sprite:iceandfire/dragon/amythest_5.png",
        "iceandfire:dragon_texture_amythest_5falsetruefalsefalsefalse" : "sprite:iceandfire/dragon/amythest_5.png",
        "iceandfire:dragon_texture_amythest_5falsefalsetruetruetrue" : "sprite:iceandfire/dragon/amythest_5.png",
        "iceandfire:dragon_texture_amythest_5falsefalsetruetruefalse" : "sprite:iceandfire/dragon/amythest_5.png",
        "iceandfire:dragon_texture_amythest_5falsefalsetruefalsetrue" : "sprite:iceandfire/dragon/amythest_5.png",
        "iceandfire:dragon_texture_amythest_5falsefalsetruefalsefalse" : "sprite:iceandfire/dragon/amythest_5.png",
        "iceandfire:dragon_texture_amythest_5falsefalsefalsetruetrue" : "sprite:iceandfire/dragon/amythest_5.png",
        "iceandfire:dragon_texture_amythest_5falsefalsefalsetruefalse" : "sprite:iceandfire/dragon/amythest_5.png",
        "iceandfire:dragon_texture_amythest_5falsefalsefalsefalsetrue" : "sprite:iceandfire/dragon/amythest_5.png",
        "iceandfire:dragon_texture_amythest_5falsefalsefalsefalsefalse" : "sprite:iceandfire/dragon/amythest_5.png",
        "iceandfire:dragon_texture_black_5truetruetruetruetrue" : "sprite:iceandfire/dragon/black_5.png",
        "iceandfire:dragon_texture_black_5truetruetruetruefalse" : "sprite:iceandfire/dragon/black_5.png",
        "iceandfire:dragon_texture_black_5truetruetruefalsetrue" : "sprite:iceandfire/dragon/black_5.png",
        "iceandfire:dragon_texture_black_5truetruetruefalsefalse" : "sprite:iceandfire/dragon/black_5.png",
        "iceandfire:dragon_texture_black_5truetruefalsetruetrue" : "sprite:iceandfire/dragon/black_5.png",
        "iceandfire:dragon_texture_black_5truetruefalsetruefalse" : "sprite:iceandfire/dragon/black_5.png",
        "iceandfire:dragon_texture_black_5truetruefalsefalsetrue" : "sprite:iceandfire/dragon/black_5.png",
        "iceandfire:dragon_texture_black_5truetruefalsefalsefalse" : "sprite:iceandfire/dragon/black_5.png",
        "iceandfire:dragon_texture_black_5truefalsetruetruetrue" : "sprite:iceandfire/dragon/black_5.png",
        "iceandfire:dragon_texture_black_5truefalsetruetruefalse" : "sprite:iceandfire/dragon/black_5.png",
        "iceandfire:dragon_texture_black_5truefalsetruefalsetrue" : "sprite:iceandfire/dragon/black_5.png",
        "iceandfire:dragon_texture_black_5truefalsetruefalsefalse" : "sprite:iceandfire/dragon/black_5.png",
        "iceandfire:dragon_texture_black_5truefalsefalsetruetrue" : "sprite:iceandfire/dragon/black_5.png",
        "iceandfire:dragon_texture_black_5truefalsefalsetruefalse" : "sprite:iceandfire/dragon/black_5.png",
        "iceandfire:dragon_texture_black_5truefalsefalsefalsetrue" : "sprite:iceandfire/dragon/black_5.png",
        "iceandfire:dragon_texture_black_5truefalsefalsefalsefalse" : "sprite:iceandfire/dragon/black_5.png",
        "iceandfire:dragon_texture_black_5falsetruetruetruetrue" : "sprite:iceandfire/dragon/black_5.png",
        "iceandfire:dragon_texture_black_5falsetruetruetruefalse" : "sprite:iceandfire/dragon/black_5.png",
        "iceandfire:dragon_texture_black_5falsetruetruefalsetrue" : "sprite:iceandfire/dragon/black_5.png",
        "iceandfire:dragon_texture_black_5falsetruetruefalsefalse" : "sprite:iceandfire/dragon/black_5.png",
        "iceandfire:dragon_texture_black_5falsetruefalsetruetrue" : "sprite:iceandfire/dragon/black_5.png",
        "iceandfire:dragon_texture_black_5falsetruefalsetruefalse" : "sprite:iceandfire/dragon/black_5.png",
        "iceandfire:dragon_texture_black_5falsetruefalsefalsetrue" : "sprite:iceandfire/dragon/black_5.png",
        "iceandfire:dragon_texture_black_5falsetruefalsefalsefalse" : "sprite:iceandfire/dragon/black_5.png",
        "iceandfire:dragon_texture_black_5falsefalsetruetruetrue" : "sprite:iceandfire/dragon/black_5.png",
        "iceandfire:dragon_texture_black_5falsefalsetruetruefalse" : "sprite:iceandfire/dragon/black_5.png",
        "iceandfire:dragon_texture_black_5falsefalsetruefalsetrue" : "sprite:iceandfire/dragon/black_5.png",
        "iceandfire:dragon_texture_black_5falsefalsetruefalsefalse" : "sprite:iceandfire/dragon/black_5.png",
        "iceandfire:dragon_texture_black_5falsefalsefalsetruetrue" : "sprite:iceandfire/dragon/black_5.png",
        "iceandfire:dragon_texture_black_5falsefalsefalsetruefalse" : "sprite:iceandfire/dragon/black_5.png",
        "iceandfire:dragon_texture_black_5falsefalsefalsefalsetrue" : "sprite:iceandfire/dragon/black_5.png",
        "iceandfire:dragon_texture_black_5falsefalsefalsefalsefalse" : "sprite:iceandfire/dragon/black_5.png",
        "iceandfire:dragon_texture_copper_5truetruetruetruetrue" : "sprite:iceandfire/dragon/copper_5.png",
        "iceandfire:dragon_texture_copper_5truetruetruetruefalse" : "sprite:iceandfire/dragon/copper_5.png",
        "iceandfire:dragon_texture_copper_5truetruetruefalsetrue" : "sprite:iceandfire/dragon/copper_5.png",
        "iceandfire:dragon_texture_copper_5truetruetruefalsefalse" : "sprite:iceandfire/dragon/copper_5.png",
        "iceandfire:dragon_texture_copper_5truetruefalsetruetrue" : "sprite:iceandfire/dragon/copper_5.png",
        "iceandfire:dragon_texture_copper_5truetruefalsetruefalse" : "sprite:iceandfire/dragon/copper_5.png",
        "iceandfire:dragon_texture_copper_5truetruefalsefalsetrue" : "sprite:iceandfire/dragon/copper_5.png",
        "iceandfire:dragon_texture_copper_5truetruefalsefalsefalse" : "sprite:iceandfire/dragon/copper_5.png",
        "iceandfire:dragon_texture_copper_5truefalsetruetruetrue" : "sprite:iceandfire/dragon/copper_5.png",
        "iceandfire:dragon_texture_copper_5truefalsetruetruefalse" : "sprite:iceandfire/dragon/copper_5.png",
        "iceandfire:dragon_texture_copper_5truefalsetruefalsetrue" : "sprite:iceandfire/dragon/copper_5.png",
        "iceandfire:dragon_texture_copper_5truefalsetruefalsefalse" : "sprite:iceandfire/dragon/copper_5.png",
        "iceandfire:dragon_texture_copper_5truefalsefalsetruetrue" : "sprite:iceandfire/dragon/copper_5.png",
        "iceandfire:dragon_texture_copper_5truefalsefalsetruefalse" : "sprite:iceandfire/dragon/copper_5.png",
        "iceandfire:dragon_texture_copper_5truefalsefalsefalsetrue" : "sprite:iceandfire/dragon/copper_5.png",
        "iceandfire:dragon_texture_copper_5truefalsefalsefalsefalse" : "sprite:iceandfire/dragon/copper_5.png",
        "iceandfire:dragon_texture_copper_5falsetruetruetruetrue" : "sprite:iceandfire/dragon/copper_5.png",
        "iceandfire:dragon_texture_copper_5falsetruetruetruefalse" : "sprite:iceandfire/dragon/copper_5.png",
        "iceandfire:dragon_texture_copper_5falsetruetruefalsetrue" : "sprite:iceandfire/dragon/copper_5.png",
        "iceandfire:dragon_texture_copper_5falsetruetruefalsefalse" : "sprite:iceandfire/dragon/copper_5.png",
        "iceandfire:dragon_texture_copper_5falsetruefalsetruetrue" : "sprite:iceandfire/dragon/copper_5.png",
        "iceandfire:dragon_texture_copper_5falsetruefalsetruefalse" : "sprite:iceandfire/dragon/copper_5.png",
        "iceandfire:dragon_texture_copper_5falsetruefalsefalsetrue" : "sprite:iceandfire/dragon/copper_5.png",
        "iceandfire:dragon_texture_copper_5falsetruefalsefalsefalse" : "sprite:iceandfire/dragon/copper_5.png",
        "iceandfire:dragon_texture_copper_5falsefalsetruetruetrue" : "sprite:iceandfire/dragon/copper_5.png",
        "iceandfire:dragon_texture_copper_5falsefalsetruetruefalse" : "sprite:iceandfire/dragon/copper_5.png",
        "iceandfire:dragon_texture_copper_5falsefalsetruefalsetrue" : "sprite:iceandfire/dragon/copper_5.png",
        "iceandfire:dragon_texture_copper_5falsefalsetruefalsefalse" : "sprite:iceandfire/dragon/copper_5.png",
        "iceandfire:dragon_texture_copper_5falsefalsefalsetruetrue" : "sprite:iceandfire/dragon/copper_5.png",
        "iceandfire:dragon_texture_copper_5falsefalsefalsetruefalse" : "sprite:iceandfire/dragon/copper_5.png",
        "iceandfire:dragon_texture_copper_5falsefalsefalsefalsetrue" : "sprite:iceandfire/dragon/copper_5.png",
        "iceandfire:dragon_texture_copper_5falsefalsefalsefalsefalse" : "sprite:iceandfire/dragon/copper_5.png",
        "iceandfire:dragon_texture_electric_5truetruetruetruetrue" : "sprite:iceandfire/dragon/electric_5.png",
        "iceandfire:dragon_texture_electric_5truetruetruetruefalse" : "sprite:iceandfire/dragon/electric_5.png",
        "iceandfire:dragon_texture_electric_5truetruetruefalsetrue" : "sprite:iceandfire/dragon/electric_5.png",
        "iceandfire:dragon_texture_electric_5truetruetruefalsefalse" : "sprite:iceandfire/dragon/electric_5.png",
        "iceandfire:dragon_texture_electric_5truetruefalsetruetrue" : "sprite:iceandfire/dragon/electric_5.png",
        "iceandfire:dragon_texture_electric_5truetruefalsetruefalse" : "sprite:iceandfire/dragon/electric_5.png",
        "iceandfire:dragon_texture_electric_5truetruefalsefalsetrue" : "sprite:iceandfire/dragon/electric_5.png",
        "iceandfire:dragon_texture_electric_5truetruefalsefalsefalse" : "sprite:iceandfire/dragon/electric_5.png",
        "iceandfire:dragon_texture_electric_5truefalsetruetruetrue" : "sprite:iceandfire/dragon/electric_5.png",
        "iceandfire:dragon_texture_electric_5truefalsetruetruefalse" : "sprite:iceandfire/dragon/electric_5.png",
        "iceandfire:dragon_texture_electric_5truefalsetruefalsetrue" : "sprite:iceandfire/dragon/electric_5.png",
        "iceandfire:dragon_texture_electric_5truefalsetruefalsefalse" : "sprite:iceandfire/dragon/electric_5.png",
        "iceandfire:dragon_texture_electric_5truefalsefalsetruetrue" : "sprite:iceandfire/dragon/electric_5.png",
        "iceandfire:dragon_texture_electric_5truefalsefalsetruefalse" : "sprite:iceandfire/dragon/electric_5.png",
        "iceandfire:dragon_texture_electric_5truefalsefalsefalsetrue" : "sprite:iceandfire/dragon/electric_5.png",
        "iceandfire:dragon_texture_electric_5truefalsefalsefalsefalse" : "sprite:iceandfire/dragon/electric_5.png",
        "iceandfire:dragon_texture_electric_5falsetruetruetruetrue" : "sprite:iceandfire/dragon/electric_5.png",
        "iceandfire:dragon_texture_electric_5falsetruetruetruefalse" : "sprite:iceandfire/dragon/electric_5.png",
        "iceandfire:dragon_texture_electric_5falsetruetruefalsetrue" : "sprite:iceandfire/dragon/electric_5.png",
        "iceandfire:dragon_texture_electric_5falsetruetruefalsefalse" : "sprite:iceandfire/dragon/electric_5.png",
        "iceandfire:dragon_texture_electric_5falsetruefalsetruetrue" : "sprite:iceandfire/dragon/electric_5.png",
        "iceandfire:dragon_texture_electric_5falsetruefalsetruefalse" : "sprite:iceandfire/dragon/electric_5.png",
        "iceandfire:dragon_texture_electric_5falsetruefalsefalsetrue" : "sprite:iceandfire/dragon/electric_5.png",
        "iceandfire:dragon_texture_electric_5falsetruefalsefalsefalse" : "sprite:iceandfire/dragon/electric_5.png",
        "iceandfire:dragon_texture_electric_5falsefalsetruetruetrue" : "sprite:iceandfire/dragon/electric_5.png",
        "iceandfire:dragon_texture_electric_5falsefalsetruetruefalse" : "sprite:iceandfire/dragon/electric_5.png",
        "iceandfire:dragon_texture_electric_5falsefalsetruefalsetrue" : "sprite:iceandfire/dragon/electric_5.png",
        "iceandfire:dragon_texture_electric_5falsefalsetruefalsefalse" : "sprite:iceandfire/dragon/electric_5.png",
        "iceandfire:dragon_texture_electric_5falsefalsefalsetruetrue" : "sprite:iceandfire/dragon/electric_5.png",
        "iceandfire:dragon_texture_electric_5falsefalsefalsetruefalse" : "sprite:iceandfire/dragon/electric_5.png",
        "iceandfire:dragon_texture_electric_5falsefalsefalsefalsetrue" : "sprite:iceandfire/dragon/electric_5.png",
        "iceandfire:dragon_texture_electric_5falsefalsefalsefalsefalse" : "sprite:iceandfire/dragon/electric_5.png"
    }
}