{
	"variants" : {
		"mysticalworld:textures/entity/sprout_green.png" : "sprite:sprout_green.png",
		"mysticalworld:textures/entity/sprout_purple.png" : "sprite:sprout_purple.png",
		"mysticalworld:textures/entity/sprout_red.png" : "sprite:sprout_red.png",
		"mysticalworld:textures/entity/sprout_tan.png" : "sprite:sprout_tan.png",
		"default" : "model:0"
	},
	"modelConfigs" : [
		{
            "baseScale" : 0.6,
			"rotationY" : 0,
			"rotationX" : 0,
			"rotationZ" : 0,
			"offsetX" : 0,
			"offsetY" : 0,
            "modelMainPartFieldAliases" : [
				"epicsquid.mysticalworld.entity.model.ModelSprout;body"
			],
			"renderingFullModel" : true,
			"modelPartsRotationReset" : false,
			"layersAllowed" : true
		}
	]
}