{
	"variants" : {
		"default" : "model:0"
	},
	"modelConfigs" : [
		{
			"baseScale" : 1,
			"rotationY" : 0,
			"rotationX" : 0,
			"rotationZ" : 0,
			"offsetX" : 0,
			"offsetY" : 0,
			"modelPartsFields" : [
				"twilightforest.client.model.entity.ModelTFSlimeBeetle;rightEye",
				"twilightforest.client.model.entity.ModelTFSlimeBeetle;leftEye"
			],
			"modelMainPartFieldAliases" : [
				"twilightforest.client.model.entity.ModelTFSlimeBeetle;head"
			],
			"renderingFullModel" : false,
			"modelPartsRotationReset" : true,
			"layersAllowed" : true
		}
	]
}