{
	"variants" : {
		"default" : "sprite:flare.png"
	},
	"modelConfigs" : [
		{
			"baseScale" : 0.3,
			"rotationY" : -1,
			"rotationX" : 90,
			"rotationZ" : -8,
			"offsetX" : 0,
			"offsetY" : 0,
			"modelPartsFields" : [
				"com.minecraftabnormals.upgrade_aquatic.client.model.FlareModel;tail",
				"com.minecraftabnormals.upgrade_aquatic.client.model.FlareModel;left_shoulder",
				"com.minecraftabnormals.upgrade_aquatic.client.model.FlareModel;right_shoulder",
				"com.minecraftabnormals.upgrade_aquatic.client.model.FlareModel;head",
				"com.minecraftabnormals.upgrade_aquatic.client.model.FlareModel;tail_end",
				"com.minecraftabnormals.upgrade_aquatic.client.model.FlareModel;left_wing",
				"com.minecraftabnormals.upgrade_aquatic.client.model.FlareModel;right_wing"
			],
			"modelMainPartFieldAliases" : [
				"com.minecraftabnormals.upgrade_aquatic.client.model.FlareModel;base"
			],
			"renderingFullModel" : false,
			"modelPartsRotationReset" : false,
			"layersAllowed" : false
		}
	]
}