{
	"variants" : {
		"default" : "model:0"
	},
	"modelConfigs" : [
		{
			"baseScale" : 1,
			"rotationY" : 0,
			"rotationX" : 0,
			"rotationZ" : 0,
			"offsetX" : 0,
			"offsetY" : 0,
			"modelPartsFields" : [
				"net.tropicraft.core.client.entity.model.TropicraftDolphinModel;body2",
				"net.tropicraft.core.client.entity.model.TropicraftDolphinModel;head1",
				"net.tropicraft.core.client.entity.model.TropicraftDolphinModel;lowerJaw1",
				"net.tropicraft.core.client.entity.model.TropicraftDolphinModel;lowerJaw2",
				"net.tropicraft.core.client.entity.model.TropicraftDolphinModel;lowerJaw3",
				"net.tropicraft.core.client.entity.model.TropicraftDolphinModel;lowerJaw4",
				"net.tropicraft.core.client.entity.model.TropicraftDolphinModel;lowerJaw5",
				"net.tropicraft.core.client.entity.model.TropicraftDolphinModel;upperJaw1",
				"net.tropicraft.core.client.entity.model.TropicraftDolphinModel;upperJaw2",
				"net.tropicraft.core.client.entity.model.TropicraftDolphinModel;upperJaw3",
				"net.tropicraft.core.client.entity.model.TropicraftDolphinModel;upperJaw4",
				"net.tropicraft.core.client.entity.model.TropicraftDolphinModel;upperJaw5",
				"net.tropicraft.core.client.entity.model.TropicraftDolphinModel;head2",
				"net.tropicraft.core.client.entity.model.TropicraftDolphinModel;head3",
				"net.tropicraft.core.client.entity.model.TropicraftDolphinModel;head4",
				"net.tropicraft.core.client.entity.model.TropicraftDolphinModel;head5",
				"net.tropicraft.core.client.entity.model.TropicraftDolphinModel;body3",
				"net.tropicraft.core.client.entity.model.TropicraftDolphinModel;rightPectoralFin1",
				"net.tropicraft.core.client.entity.model.TropicraftDolphinModel;rightPectoralFin2",
				"net.tropicraft.core.client.entity.model.TropicraftDolphinModel;leftPectoralFin1",
				"net.tropicraft.core.client.entity.model.TropicraftDolphinModel;leftPectoralFin2",
				"net.tropicraft.core.client.entity.model.TropicraftDolphinModel;dorsalFin1",
				"net.tropicraft.core.client.entity.model.TropicraftDolphinModel;dorsalFin2",
				"net.tropicraft.core.client.entity.model.TropicraftDolphinModel;dorsalFin3",
				"net.tropicraft.core.client.entity.model.TropicraftDolphinModel;dorsalFin4",
				"net.tropicraft.core.client.entity.model.TropicraftDolphinModel;dorsalFin5"
			],
			"modelMainPartFieldAliases" : [
				"net.tropicraft.core.client.entity.model.TropicraftDolphinModel;body1"
			],
			"renderingFullModel" : false,
			"modelPartsRotationReset" : false,
			"layersAllowed" : true
		}
	]
}