{
	"variants" : {
		"default" : "model:0"
	},
	"modelConfigs" : [
		{
			"baseScale" : 0.8,
			"rotationY" : 0,
			"rotationX" : 0,
			"rotationZ" : 0,
			"offsetX" : 0,
			"offsetY" : -10,
			"modelPartsFields" : [
				"net.tropicraft.core.client.entity.model.SharkModel;Head3",
				"net.tropicraft.core.client.entity.model.SharkModel;Body1Upper",
				"net.tropicraft.core.client.entity.model.SharkModel;Body1Lower",
				"net.tropicraft.core.client.entity.model.SharkModel;Body2Upper",
				"net.tropicraft.core.client.entity.model.SharkModel;Body2Lower",
				"net.tropicraft.core.client.entity.model.SharkModel;Body3UpperLeft",
				"net.tropicraft.core.client.entity.model.SharkModel;Body3LowerLeft",
				"net.tropicraft.core.client.entity.model.SharkModel;Body3LowerRight",
				"net.tropicraft.core.client.entity.model.SharkModel;FinDorsal",
				"net.tropicraft.core.client.entity.model.SharkModel;FinAdipose",
				"net.tropicraft.core.client.entity.model.SharkModel;FinAnal",
				"net.tropicraft.core.client.entity.model.SharkModel;FinCaudalUpper",
				"net.tropicraft.core.client.entity.model.SharkModel;FinCaudalLower",
				"net.tropicraft.core.client.entity.model.SharkModel;Body3Lower",
				"net.tropicraft.core.client.entity.model.SharkModel;Body4Lower",
				"net.tropicraft.core.client.entity.model.SharkModel;Head2"
			],
			"modelMainPartFieldAliases" : [
				"net.tropicraft.core.client.entity.model.SharkModel;Head1"
			],
			"renderingFullModel" : false,
			"modelPartsRotationReset" : false,
			"layersAllowed" : true
		}
	]
}