{
	"variants" : {
		"default" : "model:0"
	},
	"modelConfigs" : [
		{
			"baseScale" : 0.8,
			"rotationY" : -90,
			"rotationX" : 0,
			"rotationZ" : -45,
			"offsetX" : 0,
			"offsetY" : 0,
            "modelPartsFields" : [
                "net.tropicraft.core.client.entity.model.SeahorseModel;snout1",
                "net.tropicraft.core.client.entity.model.SeahorseModel;snout2",
                "net.tropicraft.core.client.entity.model.SeahorseModel;snout3",
                "net.tropicraft.core.client.entity.model.SeahorseModel;eye1",
                "net.tropicraft.core.client.entity.model.SeahorseModel;eye2"
            ],
			"modelMainPartFieldAliases" : [
				"net.tropicraft.core.client.entity.model.SeahorseModel;head1"
			],
			"renderingFullModel" : false,
			"modelPartsRotationReset" : false,
			"layersAllowed" : true
		}
	]
}