{
	"variants" : {
		"default" : "model:0"
	},
	"modelConfigs" : [
		{
			"baseScale" : 1.4,
			"rotationY" : 0,
			"rotationX" : 0,
			"rotationZ" : 0,
			"offsetX" : 0,
			"offsetY" : 0,
			"modelPartsFields" : [
                "net.tropicraft.core.client.entity.model.VMonkeyModel;face"
            ],
			"modelMainPartFieldAliases" : [
				"net.tropicraft.core.client.entity.model.VMonkeyModel;head"
			],
			"renderingFullModel" : false,
			"modelPartsRotationReset" : false,
			"layersAllowed" : true
		}
	]
}