{
	"variants": {
		"default": "model:0"
	},
	"modelConfigs": [
		{
			"baseScale": 0.6,
			"rotationY": 0,
			"rotationX": 0,
			"rotationZ": 0,
			"offsetX": 0,
			"offsetY": 0,
			"modelPartsFields": [
				"org.infernalstudios.infernalexp.client.entity.model.BlindsightModel;LowerJaw"
			],
			"modelMainPartFieldAliases": [
				"org.infernalstudios.infernalexp.client.entity.model.BlindsightModel;Head"
			],
			"renderingFullModel": false,
			"modelPartsRotationReset": false,
			"layersAllowed": true
		}
	]
}