{
	"variants" : {
		"default" : "model:0"
	},
	"modelConfigs" : [
		{
			"baseScale" : 1,
			"rotationY" : 0,
			"rotationX" : 90,
			"rotationZ" : 0,
			"offsetX" : 0,
			"offsetY" : 0,
            "modelPartsFields" : [
                "com.nekomaster1000.infernalexp.client.entity.model.GlowsilkMothModel;antenna"
            ],
			"modelMainPartFieldAliases" : [
				"com.nekomaster1000.infernalexp.client.entity.model.GlowsilkMothModel;body"
			],
			"renderingFullModel" : false,
			"modelPartsRotationReset" : false,
			"layersAllowed" : true
		}
	]
}