{
	"variants": {
		"default": "model:0"
	},
	"modelConfigs": [
		{
			"baseScale": 1.0,
			"rotationY": 0,
			"rotationX": 90,
			"rotationZ": 0,
			"offsetX": 0,
			"offsetY": 0,
			"modelPartsFields": [
				"org.infernalstudios.infernalexp.client.entity.model.GlowsilkMothModel;antenna"
			],
			"modelMainPartFieldAliases": [
				"org.infernalstudios.infernalexp.client.entity.model.GlowsilkMothModel;body"
			],
			"renderingFullModel": false,
			"modelPartsRotationReset": false,
			"layersAllowed": true
		}
	]
}