{
    "variants": {
      "default": "model:0"
    },
    "modelConfigs": [
      {
        "baseScale": 0.5,
        "rotationY": 0,
        "rotationX": 0,
        "rotationZ": 0,
        "offsetX": 0,
        "offsetY": 0,
        "modelMainPartFieldAliases": [
          "com.minecraftabnormals.savageandravage.client.model.CreepieModel;head"
        ],
        "renderingFullModel": false,
        "modelPartsRotationReset": true,
        "layersAllowed": true
      }
    ]
  }
  