{
	"variants" : {
		"default" : "model:0"
	},
	"modelConfigs" : [
		{
			"baseScale" : 1,
			"rotationY" : 0,
			"rotationX" : -20,
			"rotationZ" : 0,
			"offsetX" : 0,
			"offsetY" : 0,
			"modelPartsFields" : [
                "its_meow.betteranimalsplus.client.model.ModelCoyote;snout",
                "its_meow.betteranimalsplus.client.model.ModelCoyote;lEar01",
                "its_meow.betteranimalsplus.client.model.ModelCoyote;rEar01",
				"its_meow.betteranimalsplus.client.model.ModelCoyote;lEar02",
                "its_meow.betteranimalsplus.client.model.ModelCoyote;lEar03",
                "its_meow.betteranimalsplus.client.model.ModelCoyote;rEar02",
                "its_meow.betteranimalsplus.client.model.ModelCoyote;rEar03"
			],
			"modelMainPartFieldAliases" : [
				"its_meow.betteranimalsplus.client.model.ModelCoyote;head"
			],
			"renderingFullModel" : false,
			"modelPartsRotationReset" : false,
			"layersAllowed" : true
		}
	]
}