{
	"variants" : {
		"default" : "model:0"
	},
	"modelConfigs" : [
		{
			"baseScale" : 1,
			"rotationY" : 0,
			"rotationX" : 0,
			"rotationZ" : 0,
			"offsetX" : 0,
			"offsetY" : 0,
			"modelPartsFields" : [
                "its_meow.betteranimalsplus.client.model.ModelLammergeier;upperJaw01",
                "its_meow.betteranimalsplus.client.model.ModelLammergeier;lowerJaw01",
                "its_meow.betteranimalsplus.client.model.ModelLammergeier;headFeathers",
                "its_meow.betteranimalsplus.client.model.ModelLammergeier;upperJawL",
				"its_meow.betteranimalsplus.client.model.ModelLammergeier;upperJawR",
                "its_meow.betteranimalsplus.client.model.ModelLammergeier;upperJawBeak",
                "its_meow.betteranimalsplus.client.model.ModelLammergeier;lowerJawBeak",
                "its_meow.betteranimalsplus.client.model.ModelLammergeier;beard",
                "its_meow.betteranimalsplus.client.model.ModelLammergeier;lowerJaw02"
			],
			"modelMainPartFieldAliases" : [
				"its_meow.betteranimalsplus.client.model.ModelLammergeier;head"
			],
			"renderingFullModel" : false,
			"modelPartsRotationReset" : false,
			"layersAllowed" : true
		}
	]
}