{
	"variants" : {
		"default" : "model:0"
	},
	"modelConfigs" : [
		{
			"baseScale" : 1,
			"rotationY" : 0,
			"rotationX" : 0,
			"rotationZ" : 0,
			"offsetX" : 0,
			"offsetY" : 0,
            "modelPartsFields" : [
                "com.cgessinger.creaturesandbeasts.client.model.CindershellModel;Jaw",
                "com.cgessinger.creaturesandbeasts.client.model.CindershellModel;bone",
                "com.cgessinger.creaturesandbeasts.client.model.CindershellModel;bone2",
                "com.cgessinger.creaturesandbeasts.client.model.CindershellModel;bone3",
                "com.cgessinger.creaturesandbeasts.client.model.CindershellModel;bone4"
            ],
			"modelMainPartFieldAliases" : [
				"com.cgessinger.creaturesandbeasts.client.model.CindershellModel;Head"
			],
			"renderingFullModel" : false,
			"modelPartsRotationReset" : false,
			"layersAllowed" : true
		}
	]
}