{
	"variants" : {
		"default" : "model:0"
	},
	"modelConfigs" : [
		{
			"baseScale" : 1,
			"rotationY" : 0,
			"rotationX" : 200,
			"rotationZ" : 180,
			"offsetX" : 0,
			"offsetY" : 0,
            "modelPartsFields" : [
                "animalium.client.model.ModelWildDog;l_ear",
                "animalium.client.model.ModelWildDog;r_ear",
                "animalium.client.model.ModelWildDog;lower_jaw",
                "animalium.client.model.ModelWildDog;upper_jaw"
            ],
			"modelMainPartFieldAliases" : [
				"animalium.client.model.ModelWildDog;head"			
			],
			"renderingFullModel" : false,
			"modelPartsRotationReset" : false,
			"layersAllowed" : true
		}
	]
}