{
	"variants" : {
		"default" : "model:0"
	},
	"modelConfigs" : [
		{
            "baseScale" : 0.6,
			"rotationY" : 90,
			"rotationX" : 0,
			"rotationZ" : 0,
			"offsetX" : 0,
			"offsetY" : 0,
            "modelPartsFields" : [
				"com.odd_water_mobs.entity.renderer.AnglerfishPuffRenderer$Modelanglerfishpuff;antena"
            ],
            "modelMainPartFieldAliases" : [
				"com.odd_water_mobs.entity.renderer.AnglerfishPuffRenderer$Modelanglerfishpuff;body"
			],
			"renderingFullModel" : false,
			"modelPartsRotationReset" : false,
			"layersAllowed" : true
		}
	]
}