{
	"variants" : {
		"default" : "model:0"
	},
	"modelConfigs" : [
		{
            "baseScale" : 0.4,
			"rotationY" : 90,
			"rotationX" : 0,
			"rotationZ" : 0,
			"offsetX" : 0,
			"offsetY" : 0,
            "modelPartsFields" : [
                "com.odd_water_mobs.entity.renderer.CoelacanthRenderer$Modelcoelacanthnew;head",
                "com.odd_water_mobs.entity.renderer.CoelacanthRenderer$Modelcoelacanthnew;body"
            ],
            "modelMainPartFieldAliases" : [
				"com.odd_water_mobs.entity.renderer.CoelacanthRenderer$Modelcoelacanthnew;bodysegment2"
			],
			"renderingFullModel" : false,
			"modelPartsRotationReset" : false,
			"layersAllowed" : true
		}
	]
}