{
  "variants": {
    "default": "model:0"
  },
  "modelConfigs": [
    {
      "baseScale": 1.0,
      "rotationY": 0,
      "rotationX": 0,
      "rotationZ": 0,
      "offsetX": 0,
      "offsetY": 0,
      "modelPartsFields": [
        "vazkii.quark.content.mobs.client.model.CrabModel;leftEye",
        "vazkii.quark.content.mobs.client.model.CrabModel;rightEye"
      ],
      "modelMainPartFieldAliases": [
        "vazkii.quark.content.mobs.client.model.CrabModel;body"
      ],
      "renderingFullModel": false,
      "modelPartsRotationReset": true,
      "layersAllowed": true
    }
  ]
}