{
	"variants" : {
		"default" : "model:0"
	},
	"modelConfigs" : [
		{
			"baseScale" : 0.7,
			"rotationY" : 0,
			"rotationX" : 45,
			"rotationZ" : 0,
			"offsetX" : 0,
			"offsetY" : 0,
            "modelPartsFields" : [
                "vazkii.quark.content.mobs.client.model.FrogModel;headBottom",
                "vazkii.quark.content.mobs.client.model.FrogModel;rightArm",
                "vazkii.quark.content.mobs.client.model.FrogModel;leftArm",
                "vazkii.quark.content.mobs.client.model.FrogModel;rightEye",
                "vazkii.quark.content.mobs.client.model.FrogModel;leftEye"
            ],
			"modelMainPartFieldAliases" : [
				"vazkii.quark.content.mobs.client.model.FrogModel;headTop"
			],
			"renderingFullModel" : false,
			"modelPartsRotationReset" : false,
			"layersAllowed" : true
		}
	]
}