{
	"variants" : {
		"default" : "model:0"
	},
	"modelConfigs" : [
		{
			"baseScale" : 0.8,
			"rotationY" : 0,
			"rotationX" : 0,
			"rotationZ" : 0,
			"offsetX" : 0,
			"offsetY" : 0,
            "modelPartsFields" : [
                "vazkii.quark.content.experimental.shiba.client.model.ShibaModel;rEar",
                "vazkii.quark.content.experimental.shiba.client.model.ShibaModel;lEar",
                "vazkii.quark.content.experimental.shiba.client.model.ShibaModel;tongue"
            ],
			"modelMainPartFieldAliases" : [
				"vazkii.quark.content.experimental.shiba.client.model.ShibaModel;head"
			],
			"renderingFullModel" : false,
			"modelPartsRotationReset" : false,
			"layersAllowed" : true
		}
	]
}